"DateTime","DHI","DNI","Temperature","Pressure","Relative.Humidity","Wind.Speed","GHI","Hour","Month","DayOfYear","Predicted_GHI","Predicted_Power_W","Predicted_Energy_kWh","CO2_Saved_kg","Cumulative_CO2_Saved_kg"
"2013-03-29 11:00:00",220,785,35,1000,43.18,2.1,981,11,3,88,979.18,1057512.15,1057.51,867.16,4196893.72
"2012-07-15 14:00:00",371,104,32,1000,56.59,1.6,458,14,7,197,451.16,487249.54,487.25,399.54,2950338.12
"2014-12-09 09:00:00",254,491,28,1010,78.62,2.2,560,9,12,343,556.49,601009.06,601.01,492.83,7298621.42
"2011-03-09 22:00:00",0,0,25,1010,73.85,2.9,0,22,3,68,0.02,26.16,0.03,0.02,349037.03
"2011-06-01 05:00:00",0,0,28,1000,87.51,2.5,0,5,6,152,0.07,77.71,0.08,0.06,849042.84
"2014-12-11 22:00:00",0,0,25,1010,89.2,2.5,0,22,12,345,0.01,9.9,0.01,0.01,7309207.88
"2013-03-23 03:00:00",0,0,26,1000,76.8,2.8,0,3,3,82,-0.01,-13.07,-0.01,-0.01,4156821.33
"2012-05-04 15:00:00",240,460,34,1000,53.59,2.4,540,15,5,125,540.37,583595.05,583.6,478.55,2562338.21
"2013-03-24 09:00:00",267,527,34,1010,37.08,1.3,656,9,3,83,644.57,696136.6,696.14,570.83,4164408.38
"2011-02-15 13:00:00",227,750,31,1000,48.64,0.8,873,13,2,46,867.16,936530.93,936.53,767.96,224243.1
"2014-11-30 08:00:00",119,0,26,1010,75.11,4.1,119,8,11,334,112.67,121681.05,121.68,99.78,7262661.35
"2012-12-22 21:00:00",0,0,23,1010,81.33,3.7,0,21,12,357,0.01,15.98,0.02,0.01,3700690.18
"2011-05-09 15:00:00",208,544,36,1000,42.83,3.1,562,15,5,129,563.27,608333.01,608.33,498.83,717210.63
"2011-06-11 07:00:00",131,2,28,1000,78.4,2.7,132,7,6,162,133.28,143939.15,143.94,118.03,905192.19
"2011-06-12 07:00:00",127,0,29,1000,73.6,2.9,127,7,6,163,127.48,137678.15,137.68,112.9,909152.3
"2014-03-30 08:00:00",172,588,34,1000,32.77,1.7,501,8,3,89,495.82,535480.8,535.48,439.09,6017221.08
"2013-07-06 07:00:00",82,0,31,1000,61.94,3.5,82,7,7,187,83.06,89702.71,89.7,73.56,4751346.04
"2014-11-06 12:00:00",418,199,31,1000,55.59,2.9,590,12,11,310,599.16,647090.2,647.09,530.61,7169402.87
"2012-05-01 17:00:00",86,106,30,1000,83.01,3.1,108,17,5,122,108,116644.68,116.64,95.65,2544785.27
"2013-10-10 03:00:00",0,0,26,1000,92.73,1.6,0,3,10,283,0,-2.11,0,0,5209464.98
"2013-02-18 11:00:00",359,19,29,1000,72.79,2.3,376,11,2,49,377.44,407637.91,407.64,334.26,3966409.73
"2014-05-06 20:00:00",0,0,27,1010,88.41,1.7,0,20,5,126,0.07,76.92,0.08,0.06,6246167.49
"2012-04-12 11:00:00",297,639,32,1000,55.49,2.4,926,11,4,103,926.37,1000483.35,1000.48,820.4,2425927.69
"2013-03-09 04:00:00",0,0,26,1010,95.43,0.7,0,4,3,68,-0.04,-46.15,-0.05,-0.04,4070710.94
"2012-05-08 14:00:00",280,555,33,1000,56.83,2.8,735,14,5,129,741.02,800297.07,800.3,656.24,2585359.45
"2013-11-05 12:00:00",370,387,29,1010,73.47,3.5,705,12,11,309,713.9,771008.2,771.01,632.23,5323601.81
"2012-09-29 17:00:00",16,0,28,1000,77.7,1.9,16,17,9,273,16.61,17942.28,17.94,14.71,3335828.19
"2014-05-09 09:00:00",341,312,29,1000,82.41,3.7,588,9,5,129,582.13,628698.23,628.7,515.53,6257235.23
"2014-03-27 08:00:00",172,593,32,1010,39.23,0.6,500,8,3,86,497.44,537229.83,537.23,440.53,5998122.15
"2013-04-08 20:00:00",0,0,28,1000,84.02,3,0,20,4,98,0.03,35.26,0.04,0.03,4261551.31
"2012-05-26 08:00:00",243,365,32,1000,58.67,2.8,468,8,5,147,463.67,500766.65,500.77,410.63,2683621.78
"2014-07-21 09:00:00",260,474,32,1000,54.32,4.7,623,9,7,202,619.05,668576.89,668.58,548.23,6656586.21
"2014-06-19 06:00:00",41,0,28,1000,73.38,4.6,41,6,6,170,39.69,42865.07,42.87,35.15,6489565.35
"2014-07-11 05:00:00",0,0,26,1000,73.83,4.9,0,5,7,192,0.01,10.46,0.01,0.01,6607885.51
"2014-05-10 08:00:00",187,547,31,1000,71.14,2.5,523,8,5,130,515.78,557039.33,557.04,456.77,6262503.51
"2012-09-07 03:00:00",0,0,28,1000,84.45,2.5,0,3,9,251,0.08,91.08,0.09,0.07,3222584.47
"2011-01-08 06:00:00",0,0,24,1000,90.26,4,0,6,1,8,0.75,805.17,0.81,0.66,26471.37
"2012-02-09 18:00:00",0,0,26,1010,67.34,2.9,0,18,2,40,-0.03,-33.97,-0.03,-0.03,2062501.92
NA,0,0,26,1010,83.04,2,0,0,11,309,0,4.5,0,0,7382499.82
"2014-03-17 23:00:00",0,0,27,1010,85.09,1.2,0,23,3,76,0.02,18.99,0.02,0.02,5940733.24
"2014-06-02 18:00:00",0,0,31,1000,82.69,1.4,0,18,6,153,-0.64,-687.57,-0.69,-0.56,6404821.24
"2013-07-14 19:00:00",0,0,30,1000,70.1,2.3,0,19,7,195,0.15,162.19,0.16,0.13,4790529.7
"2013-10-29 06:00:00",34,2,27,1010,93.75,0.9,35,6,10,302,36.01,38888.28,38.89,31.89,5287518.26
"2012-06-24 13:00:00",249,601,36,1000,36.01,1.9,810,13,6,176,820.84,886511.05,886.51,726.94,2842687.27
"2012-11-04 05:00:00",0,0,26,1000,94.51,1.8,0,5,11,309,0,2.9,0,0,3485282.21
"2013-10-22 07:00:00",148,73,26,1000,93.64,2.2,174,7,10,295,172.99,186824.05,186.82,153.2,5263879.33
"2012-09-17 13:00:00",204,731,32,1000,62.39,1.5,871,13,9,261,883.32,953981.26,953.98,782.26,3277180.4
"2014-03-27 02:00:00",0,0,26,1000,85.9,1.2,0,2,3,86,-0.03,-27.06,-0.03,-0.02,5997439.87
"2012-09-01 21:00:00",0,0,29,1000,78.64,4.1,0,21,9,245,-0.09,-93.01,-0.09,-0.08,3198232.84
"2013-11-28 11:00:00",326,19,30,1010,64.06,1.3,342,11,11,332,333.74,360441,360.44,295.56,5420386.68
"2013-12-23 20:00:00",0,0,24,1010,74.13,3.6,0,20,12,357,0.01,15.98,0.02,0.01,5519301.02
"2011-08-16 12:00:00",251,661,31,1000,68.7,0.2,911,12,8,228,907.43,980027.16,980.03,803.62,1251439.6
"2012-07-31 11:00:00",264,604,38,1000,32.9,3.8,855,11,7,213,851.85,919998.37,920,754.4,3029643.57
"2014-10-25 15:00:00",225,26,28,1000,82.32,2.4,239,15,10,298,231.84,250390.1,250.39,205.32,7123220.46
"2013-01-26 18:00:00",0,0,25,1010,69.38,3.1,0,18,1,26,-0.05,-59.06,-0.06,-0.05,3853700.89
"2012-04-21 08:00:00",267,217,34,1000,39.74,0.8,398,8,4,112,402.02,434181.95,434.18,356.03,2478923.02
"2013-12-10 04:00:00",0,0,22,1000,83.42,3.6,0,4,12,344,0.02,22.74,0.02,0.02,5459375.37
NA,0,0,27,1000,86.8,3,0,0,10,285,0.06,67.62,0.07,0.06,7382499.15
"2011-09-08 03:00:00",0,0,26,1000,85,3.2,0,3,9,251,0.04,39.93,0.04,0.03,1360838.51
"2013-11-23 22:00:00",0,0,26,1010,88.01,2,0,22,11,327,0.01,6.97,0.01,0.01,5401231.67
"2011-09-14 08:00:00",257,230,29,1000,83.3,1.5,393,8,9,257,398.52,430403.17,430.4,352.93,1394842.25
"2013-08-05 19:00:00",0,0,28,1000,80.43,0.5,0,19,8,217,0.07,80.87,0.08,0.07,4891886.09
"2014-08-02 23:00:00",0,0,29,1000,73.12,4.4,0,23,8,214,-0.01,-6.34,-0.01,-0.01,6716059.42
"2013-02-06 14:00:00",186,736,32,1010,41.1,2.8,729,14,2,37,727.88,786105.59,786.11,644.61,3910151.74
"2012-01-19 12:00:00",179,843,30,1000,46.63,1.6,882,12,1,19,882.49,953084.64,953.08,781.53,1953110.92
"2012-05-19 02:00:00",0,0,28,1000,88.66,4.6,0,2,5,140,0.04,47.7,0.05,0.04,2643272.05
"2012-05-13 23:00:00",0,0,28,1000,84.93,2.5,0,23,5,134,0.03,35.4,0.04,0.03,2613857
NA,0,0,29,1000,75.46,1.3,0,0,7,194,-0.11,-122.9,-0.12,-0.1,7382501.44
"2011-06-07 17:00:00",95,82,32,1000,64.54,2.2,115,17,6,158,115.96,125239.99,125.24,102.7,887992.75
"2012-11-24 04:00:00",0,0,26,1000,83.03,1.2,0,4,11,329,-0.01,-10.22,-0.01,-0.01,3575963.7
"2011-06-01 22:00:00",0,0,29,1000,85.46,3.5,0,22,6,152,0.03,33.27,0.03,0.03,854528.44
"2014-08-27 23:00:00",0,0,26,1000,90.97,2.8,0,23,8,239,0.03,29.64,0.03,0.02,6843855.45
"2012-02-14 20:00:00",0,0,25,1010,80.61,2.7,0,20,2,45,-0.05,-53.33,-0.05,-0.04,2087790.94
"2013-10-27 12:00:00",375,382,29,1000,85.86,1.1,714,12,10,300,713.53,770608.81,770.61,631.9,5282536.58
"2014-11-10 14:00:00",281,381,30,1000,66.75,0.2,531,14,11,314,536.03,578913.42,578.91,474.71,7187992.04
"2013-08-07 10:00:00",348,20,33,1000,55.46,2.4,367,10,8,219,368.21,397669.3,397.67,326.09,4897908.9
"2012-11-28 12:00:00",223,698,30,1010,57.15,2.8,793,12,11,333,788.22,851277.44,851.28,698.05,3595207.17
"2011-12-03 14:00:00",191,617,29,1000,64.69,1.1,579,14,12,337,571.67,617401.8,617.4,506.27,1759177.26
"2014-05-07 21:00:00",0,0,28,1000,87.27,2.8,0,21,5,127,0.03,29.06,0.03,0.02,6250946.88
"2012-08-12 09:00:00",183,624,33,1000,47.99,2.9,663,9,8,225,640.41,691645.28,691.65,567.15,3085109.34
"2014-09-10 07:00:00",113,448,27,1000,85.37,2.5,278,7,9,253,287.68,310691.43,310.69,254.77,6905147.9
"2013-05-28 04:00:00",0,0,28,1000,76.07,3.3,0,4,5,148,0.09,93.14,0.09,0.08,4548085.29
"2011-07-20 02:00:00",0,0,28,1000,73.84,3.7,0,2,7,201,0.09,95.19,0.1,0.08,1110919.9
"2014-06-08 01:00:00",0,0,29,990,82.48,3.8,0,1,6,159,0.15,159.97,0.16,0.13,6433910.96
"2011-06-03 21:00:00",0,0,29,1000,81.76,3.6,0,21,6,154,0.03,33.27,0.03,0.03,865407.82
"2011-07-18 06:00:00",40,0,27,1000,70.75,3.6,40,6,7,199,37.93,40969.06,40.97,33.59,1100406.85
"2011-10-25 08:00:00",295,213,27,1010,88.57,1.7,414,8,10,298,412.28,445265.27,445.27,365.12,1606582.08
"2012-10-07 02:00:00",0,0,28,1000,90.6,0.7,0,2,10,281,0.06,59.45,0.06,0.05,3370817.63
"2014-01-27 04:00:00",0,0,23,1010,81.68,2.8,0,4,1,27,-0.15,-157.29,-0.16,-0.13,5672154.45
"2012-11-19 23:00:00",0,0,26,1010,89.3,2.5,0,23,11,324,0.02,24.75,0.02,0.02,3562868.89
"2011-11-11 08:00:00",159,574,28,1010,68.63,2.8,459,8,11,315,457.81,494437.9,494.44,405.44,1667544.65
"2011-05-31 02:00:00",0,0,27,1000,91.26,3.1,0,2,5,151,0.08,87.89,0.09,0.07,842959.69
"2014-08-09 23:00:00",0,0,27,1000,81.95,3.6,0,23,8,221,0.06,62.58,0.06,0.05,6750619.59
NA,0,0,26,1010,84.6,1.2,0,0,2,41,-0.12,-132.01,-0.13,-0.11,7382512.83
"2012-07-01 17:00:00",101,46,31,1000,62.34,2.8,113,17,7,183,109.57,118337.42,118.34,97.04,2879700.26
"2011-06-28 11:00:00",340,449,36,1000,34.06,4.2,776,11,6,179,766.81,828153.02,828.15,679.09,998829.82
"2012-08-26 15:00:00",297,201,32,1000,59.67,3.1,430,15,8,239,428.85,463163.18,463.16,379.79,3168196.28
"2011-09-28 06:00:00",47,72,28,1000,90.61,1.3,56,6,9,271,55.62,60074.01,60.07,49.26,1470787.1
"2013-10-26 09:00:00",332,231,28,1000,90.88,2.6,500,9,10,299,501.84,541982.29,541.98,444.43,5276777.85
"2011-03-22 09:00:00",196,701,34,1010,48.31,1.2,709,9,3,81,709.71,766486.82,766.49,628.52,423590.84
"2013-07-06 02:00:00",0,0,28,1000,76.37,3.1,0,2,7,187,0.08,87.89,0.09,0.07,4751242.09
"2013-11-01 08:00:00",163,566,28,1010,86.74,1.5,470,8,11,305,469.83,507414.57,507.41,416.08,5301048.77
"2013-08-23 16:00:00",196,93,31,1000,66.49,2,239,16,8,235,233.69,252389.95,252.39,206.96,4971848.03
"2011-01-08 03:00:00",0,0,24,1000,90.22,4,0,3,1,8,-0.14,-145.81,-0.15,-0.12,26470.95
"2013-02-10 23:00:00",0,0,25,1010,72.79,3.4,0,23,2,41,-0.05,-52.76,-0.05,-0.04,3932805.98
"2013-10-10 14:00:00",191,12,29,1000,75.51,0.5,200,14,10,283,222.09,239861.76,239.86,196.69,5213154.9
"2013-03-16 01:00:00",0,0,25,1010,92.83,1.4,0,1,3,75,-0.03,-27.06,-0.03,-0.02,4113422.47
NA,0,0,29,1000,72.01,2.7,0,0,7,187,-0.23,-247.79,-0.25,-0.2,7382493.95
"2012-04-28 18:00:00",0,0,30,1000,74.08,2.3,0,18,4,119,-0.12,-130.7,-0.13,-0.11,2526279.88
"2012-11-08 02:00:00",0,0,26,1000,92.38,0.7,0,2,11,313,0,-1.45,0,0,3504503.29
"2011-09-21 13:00:00",189,757,32,1000,63.6,3.3,876,13,9,264,879.72,950101.46,950.1,779.08,1433904.82
"2014-09-16 10:00:00",411,102,30,1000,76.31,2.7,504,10,9,259,507.07,547636.63,547.64,449.06,6938285.69
"2012-10-28 16:00:00",117,59,28,1000,79.75,4.3,134,16,10,302,133.76,144462.49,144.46,118.46,3465482.49
"2013-05-23 13:00:00",244,664,36,1000,44.89,2.8,862,13,5,143,869.27,938810.17,938.81,769.82,4524859.51
"2012-06-07 11:00:00",225,712,39,1000,30.07,2.7,919,11,6,159,921.18,994870.31,994.87,815.79,2752620.26
"2012-03-08 21:00:00",0,0,28,1000,62.37,3.6,0,21,3,68,0.05,50.5,0.05,0.04,2215034.5
"2014-06-09 12:00:00",398,60,33,1000,63.61,1.2,457,12,6,160,456.64,493172.47,493.17,404.4,6439157.99
"2013-09-21 14:00:00",214,656,31,1000,66.09,3.1,726,14,9,264,750.2,810213.05,810.21,664.37,5117187.57
"2012-04-09 20:00:00",0,0,28,1000,77.66,3.7,0,20,4,100,0.05,58.07,0.06,0.05,2410287.42
"2013-02-22 01:00:00",0,0,24,1010,85.42,2.1,0,1,2,53,-0.08,-87.83,-0.09,-0.07,3985657.47
"2012-02-19 02:00:00",0,0,25,1010,89.75,1.1,0,2,2,50,-0.1,-110.38,-0.11,-0.09,2110289.2
"2012-03-01 06:00:00",0,0,26,1000,83.65,2.9,0,6,3,61,0.88,945.37,0.95,0.78,2168630.83
"2014-11-25 22:00:00",0,0,24,1010,80.52,3.6,0,22,11,329,0.04,40.01,0.04,0.03,7250119.25
"2012-11-03 16:00:00",56,0,29,1000,77.98,2.2,56,16,11,308,57.81,62435.72,62.44,51.2,3485279.8
"2011-07-10 23:00:00",0,0,29,1000,70.04,4.3,0,23,7,191,0.13,137.21,0.14,0.11,1064167.82
"2012-06-19 10:00:00",383,325,29,1000,61.13,4.1,676,10,6,171,663.58,716664.38,716.66,587.66,2813268.61
"2013-04-12 18:00:00",0,0,29,1000,61.36,3.2,0,18,4,102,0.02,22.68,0.02,0.02,4286674.45
"2012-03-20 05:00:00",0,0,25,1000,85.6,3.4,0,5,3,80,0.01,13.94,0.01,0.01,2278723.52
"2013-03-28 17:00:00",85,154,31,1000,49.8,3.5,116,17,3,87,114.65,123817.42,123.82,101.53,4194104.76
"2011-03-14 20:00:00",0,0,26,1010,86.16,2.6,0,20,3,73,0.03,33.24,0.03,0.03,379056.65
NA,0,0,28,1000,86.44,2.7,0,0,4,118,0.06,65.94,0.07,0.05,7382492.7
"2013-07-25 23:00:00",0,0,27,1000,72.76,4.2,0,23,7,206,0.04,40.14,0.04,0.03,4832471.73
"2012-02-22 21:00:00",0,0,25,1010,76.64,2.1,0,21,2,53,-0.05,-53.82,-0.05,-0.04,2133537.72
"2012-08-21 23:00:00",0,0,28,1000,82,2.5,0,23,8,234,0.03,35.15,0.04,0.03,3141754.64
"2014-12-25 03:00:00",0,0,23,1010,89.56,2.3,0,3,12,359,-0.14,-151.02,-0.15,-0.12,7359121.28
"2013-09-08 05:00:00",0,0,26,1000,91.35,2.2,0,5,9,251,0.01,15.33,0.02,0.01,5056229.5
"2013-06-12 02:00:00",0,0,28,1000,64.79,5.1,0,2,6,163,0.11,123.17,0.12,0.1,4625065.92
"2013-08-14 05:00:00",0,0,26,1000,90.69,2.6,0,5,8,226,-0.03,-35.93,-0.04,-0.03,4925818.29
"2012-03-16 01:00:00",0,0,27,1010,88.56,1,0,1,3,76,0.04,47.8,0.05,0.04,2254339.68
"2012-11-05 19:00:00",0,0,26,1000,83.92,3.2,0,19,11,310,0.05,48.72,0.05,0.04,3495018.29
"2013-06-02 17:00:00",47,0,30,1000,74.94,2.1,47,17,6,153,47.3,51080.27,51.08,41.89,4578209.91
"2012-07-16 11:00:00",207,731,35,1000,44.14,0.9,918,11,7,198,921.52,995237.01,995.24,816.09,2953593
"2013-07-31 14:00:00",319,409,36,990,40.2,5.8,663,14,7,212,661.98,714936.47,714.94,586.25,4865308.72
"2012-02-04 02:00:00",0,0,23,1010,82.33,2.5,0,2,2,35,-0.1,-104.99,-0.1,-0.09,2031457.98
"2011-04-06 08:00:00",252,363,31,1010,58.1,3.6,461,8,4,96,456.03,492516.91,492.52,403.86,516921.44
"2013-04-10 07:00:00",152,316,31,1000,59.42,2.9,266,7,4,100,261,281882.08,281.88,231.14,4267994.8
"2011-06-13 17:00:00",64,0,31,1000,73.09,1.1,64,17,6,164,64.48,69636.62,69.64,57.1,918856.48
"2014-06-27 01:00:00",0,0,29,1000,78.88,3.1,0,1,6,178,0.15,159.97,0.16,0.13,6534814.65
"2013-11-24 22:00:00",0,0,26,1010,91.07,1,0,22,11,328,0,-2.21,0,0,5405222.63
"2011-08-15 16:00:00",139,499,31,1000,70.11,2,372,16,8,227,371.06,400742.72,400.74,328.61,1247645.82
"2013-06-19 10:00:00",203,704,34,1000,41.78,3.1,836,10,6,170,835.11,901916.94,901.92,739.57,4663179.64
"2012-06-28 04:00:00",0,0,27,1000,80.25,2.7,0,4,6,180,0.07,77.71,0.08,0.06,2858740.01
"2011-07-23 01:00:00",0,0,28,1000,76.29,3.3,0,1,7,204,0.08,87.94,0.09,0.07,1125613.05
"2012-02-13 01:00:00",0,0,24,1010,90.45,1.9,0,1,2,44,-0.1,-111.05,-0.11,-0.09,2077019.18
"2011-11-28 17:00:00",1,0,26,1000,87.41,2.5,1,17,11,332,1.82,1968.6,1.97,1.61,1738721.52
NA,0,0,26,1000,86.45,3.1,0,0,3,81,0.01,13.94,0.01,0.01,7382511.41
"2014-02-02 03:00:00",0,0,24,1010,84.81,2.2,0,3,2,33,-0.13,-137.49,-0.14,-0.11,5702999.62
"2014-11-07 01:00:00",0,0,27,1000,83.33,0.1,0,1,11,311,0.15,167.05,0.17,0.14,7171039.8
"2013-09-07 18:00:00",0,0,28,1000,86.16,1.2,0,18,9,250,0.07,72.08,0.07,0.06,5056229.16
"2011-01-18 08:00:00",149,511,26,1010,70.41,1,361,8,1,18,359.68,388457.69,388.46,318.54,73476.59
"2011-06-16 14:00:00",219,608,36,1000,43.72,4.6,719,14,6,167,717.65,775062.88,775.06,635.55,931584.04
"2013-10-22 12:00:00",383,31,28,1000,85.31,1.7,411,12,10,295,413.58,446665.36,446.67,366.27,5265449.12
"2014-12-05 16:00:00",121,212,26,1010,69.74,2.1,176,16,12,339,177.57,191780.49,191.78,157.26,7286402
"2013-03-24 14:00:00",204,736,35,1000,31.34,2.6,805,14,3,83,805.87,870340.52,870.34,713.68,4168463.89
"2014-07-10 10:00:00",410,46,30,1000,62.77,3.9,452,10,7,191,456.32,492824.36,492.82,404.12,6605976.88
"2014-12-07 13:00:00",190,4,29,1010,65.41,2.4,193,13,12,341,194.43,209985.94,209.99,172.19,7293315.55
"2014-07-29 20:00:00",0,0,31,1000,72.13,1.7,0,20,7,210,-0.18,-197.25,-0.2,-0.16,6699880.3
"2013-05-09 10:00:00",245,671,36,1000,48,1.8,862,10,5,129,859.8,928586.69,928.59,761.44,4442892.5
"2013-08-13 03:00:00",0,0,27,1000,87.92,1.9,0,3,8,225,0.11,122.63,0.12,0.1,4921206.71
"2011-02-10 04:00:00",0,0,24,1000,86.63,1,0,4,2,41,-0.12,-132.01,-0.13,-0.11,191994.2
"2011-07-18 03:00:00",0,0,27,1000,72.09,4.3,0,3,7,199,0.06,65.5,0.07,0.05,1100373.14
"2012-01-06 14:00:00",159,750,29,1010,62.17,1.6,654,14,1,6,658.3,710959.57,710.96,582.99,1892777.07
"2011-05-11 07:00:00",162,340,31,1000,64.84,2.8,300,7,5,131,300.56,324600.91,324.6,266.17,724163.72
"2013-01-08 15:00:00",176,556,29,1000,45.23,3.1,461,15,1,8,457.45,494042.22,494.04,405.11,3766902.92
"2011-02-13 01:00:00",0,0,25,1000,82.53,1,0,1,2,44,-0.12,-132.01,-0.13,-0.11,208811.55
"2014-01-18 02:00:00",0,0,24,1010,85.15,1.8,0,2,1,18,-0.19,-207.8,-0.21,-0.17,5628116.62
"2013-12-09 16:00:00",115,226,26,1000,69.42,3.6,174,16,12,343,180.34,194764.33,194.76,159.71,5459373.1
"2011-09-23 23:00:00",0,0,27,1000,67.75,2.7,0,23,9,266,0.16,173.41,0.17,0.14,1447407.14
"2013-12-25 13:00:00",349,383,27,1010,60.62,3,637,13,12,359,630.55,680995.11,681,558.42,5525973.93
"2014-10-23 10:00:00",142,0,30,1010,77.47,2.4,142,10,10,296,131.3,141800.71,141.8,116.28,7115282.93
"2013-11-06 14:00:00",185,652,29,1010,66.93,3.6,617,14,11,310,625.26,675280.74,675.28,553.73,5329449
"2011-09-03 15:00:00",274,311,30,1000,71.89,2.2,475,15,9,246,484.06,522786.21,522.79,428.68,1337854.58
"2014-03-15 12:00:00",233,790,37,1010,21.75,3,995,12,3,74,993.34,1072802.68,1072.8,879.7,5925733.37
"2011-10-04 02:00:00",0,0,27,1000,84.39,2.2,0,2,10,277,0.06,65.83,0.07,0.05,1501764.45
"2012-06-17 07:00:00",157,29,28,1000,70.4,2.3,169,7,6,169,169.43,182982.48,182.98,150.05,2804308.94
"2011-01-10 01:00:00",0,0,25,1000,92.41,3.5,0,1,1,10,-0.14,-145.81,-0.15,-0.12,34748.43
"2014-07-04 09:00:00",192,642,33,1000,45.75,3.6,684,9,7,185,679.72,734093.94,734.09,601.96,6575522.61
"2012-03-23 22:00:00",0,0,27,1010,75.93,2.8,0,22,3,83,0.02,26.07,0.03,0.02,2303397.91
NA,0,0,25,1010,86.92,1.7,0,0,12,347,-0.09,-95.72,-0.1,-0.08,7382503.51
"2013-06-24 22:00:00",0,0,30,1000,62.07,4.8,0,22,6,175,0.09,98.14,0.1,0.08,4692379.35
"2011-09-23 01:00:00",0,0,26,1000,78.66,2.9,0,1,9,266,-0.01,-10.31,-0.01,-0.01,1441285.44
"2012-06-03 21:00:00",0,0,31,1000,66.16,4.6,0,21,6,155,0.04,48.54,0.05,0.04,2731351.14
"2013-05-16 15:00:00",203,542,37,1000,36.46,1.3,556,15,5,136,556.26,600760.42,600.76,492.62,4483042.89
"2014-04-30 11:00:00",409,293,33,1000,63.24,1.4,699,11,4,120,705.54,761983.51,761.98,624.83,6212242.99
"2013-08-04 19:00:00",0,0,30,1000,68.35,2.9,0,19,8,216,0.09,96.62,0.1,0.08,4887330.91
"2012-06-06 12:00:00",226,715,39,1000,34.12,3.3,928,12,6,158,927.79,1002009.02,1002.01,821.65,2747356.25
"2011-12-04 06:00:00",5,0,26,1000,84.67,0.5,5,6,12,338,3.67,3961.06,3.96,3.25,1759679.35
"2011-08-08 03:00:00",0,0,27,1000,83.9,3.2,0,3,8,220,0.08,87.94,0.09,0.07,1201151.23
"2013-12-11 07:00:00",98,281,24,1000,75.74,3.8,168,7,12,345,166.86,180214.16,180.21,147.78,5464151.95
"2011-02-03 23:00:00",0,0,23,1010,79.05,3.3,0,23,2,34,-0.03,-37.63,-0.04,-0.03,159558.08
"2013-08-30 13:00:00",196,747,31,1000,75.95,0.9,897,13,8,242,902.04,974199.16,974.2,798.84,5010067.51
"2011-04-14 18:00:00",0,0,28,1000,81.04,2.8,0,18,4,104,0.05,56.43,0.06,0.05,572635.59
"2014-05-20 22:00:00",0,0,29,1000,81.3,3.7,0,22,5,140,-0.01,-13.42,-0.01,-0.01,6327029.18
"2011-11-11 04:00:00",0,0,25,1010,78.79,2.8,0,4,11,315,0,0.6,0,0,1666906.94
"2012-07-08 17:00:00",95,222,32,1000,56.73,1.7,153,17,7,190,149.31,161256.92,161.26,132.23,2916804.05
"2011-05-11 15:00:00",208,545,36,1000,44.03,2,563,15,5,131,563.85,608955.93,608.96,499.34,729671.06
"2012-03-23 05:00:00",0,0,25,1010,91.76,2.7,0,5,3,83,0,-3.47,0,0,2297165.84
"2011-03-15 03:00:00",0,0,26,1000,92.18,1.8,0,3,3,74,-0.02,-19.48,-0.02,-0.02,379056.65
"2013-08-27 21:00:00",0,0,28,1000,85.78,1.8,0,21,8,239,0.01,15.78,0.02,0.01,4994544.36
"2014-10-12 04:00:00",0,0,26,1000,88.37,3.2,0,4,10,285,0.03,29.1,0.03,0.02,7070436.89
"2012-02-06 19:00:00",0,0,24,1010,77.24,2.8,0,19,2,37,-0.06,-59.67,-0.06,-0.05,2046748.57
"2013-04-25 08:00:00",289,216,30,1010,73.72,1.9,420,8,4,115,414.75,447927.43,447.93,367.3,4357386.77
"2011-03-20 20:00:00",0,0,27,1000,77.52,3.2,0,20,3,79,0.05,58.07,0.06,0.05,416243.06
"2012-05-08 19:00:00",0,0,30,1000,71.97,2.6,0,19,5,129,-0.13,-136.59,-0.14,-0.11,2586204.09
"2012-02-23 09:00:00",296,393,33,1010,33.82,1.6,556,9,2,54,556.76,601300.88,601.3,493.07,2134345.74
"2014-07-23 01:00:00",0,0,27,1000,64.25,4.6,0,1,7,204,0.11,123.22,0.12,0.1,6666461.18
"2014-08-17 04:00:00",0,0,26,1000,88.22,2.2,0,4,8,229,0.02,21.47,0.02,0.02,6790798.14
"2011-01-24 19:00:00",0,0,24,1010,80.18,3,0,19,1,24,-0.07,-76.43,-0.08,-0.06,108687
"2014-05-25 19:00:00",0,0,30,1000,83.79,3.4,0,19,5,145,-0.06,-64.31,-0.06,-0.05,6356551.99
"2014-05-04 06:00:00",52,1,29,1000,83.88,1.6,53,6,5,124,50.96,55037.54,55.04,45.13,6233894.66
"2011-11-08 20:00:00",0,0,27,1010,72.44,1.8,0,20,11,312,0.03,29.76,0.03,0.02,1656861.75
"2013-05-22 10:00:00",242,661,35,1000,56.06,2.7,847,10,5,142,842.01,909366.72,909.37,745.68,4516355.95
"2013-04-18 04:00:00",0,0,28,1000,91.75,4,0,4,4,108,0.07,75.28,0.08,0.06,4317210.72
"2014-07-28 16:00:00",207,81,33,1000,50.56,3.3,247,16,7,209,245.13,264743.82,264.74,217.09,6695616.65
"2013-07-15 23:00:00",0,0,27,1000,84.73,3.2,0,23,7,196,0.06,62.53,0.06,0.05,4796143.7
NA,0,0,28,1000,89.35,3.1,0,0,4,111,0.07,75.28,0.08,0.06,7382512.23
"2011-02-05 17:00:00",63,51,24,1010,70.28,3,71,17,2,36,70.07,75679.58,75.68,62.06,169953.26
"2012-02-11 20:00:00",0,0,25,1010,79.06,2.6,0,20,2,42,-0.05,-53.33,-0.05,-0.04,2071518.94
"2011-08-01 10:00:00",403,40,30,1000,64.33,3.5,440,10,8,213,436.57,471493.43,471.49,386.62,1168608.91
"2013-04-10 02:00:00",0,0,27,1000,87.15,3.2,0,2,4,100,0.07,75.28,0.08,0.06,4267725.5
"2013-02-21 13:00:00",202,795,32,1010,39.85,3.4,898,13,2,52,897.23,969004.56,969,794.58,3984068.4
"2012-06-09 12:00:00",359,39,42,1000,24.18,4,398,12,6,161,393.7,425193.8,425.19,348.66,2763873.74
"2011-12-27 12:00:00",224,743,29,1000,49.26,3.4,820,12,12,361,823.36,889225.49,889.23,729.16,1856814.28
"2014-07-29 03:00:00",0,0,27,1000,74.59,3.7,0,3,7,210,0.08,87.94,0.09,0.07,6695682.18
"2013-10-18 12:00:00",209,746,30,1000,73.48,2.5,888,12,10,291,893.03,964467.75,964.47,790.86,5251860.29
"2014-05-01 08:00:00",206,515,33,1010,51.92,2.6,521,8,5,121,518.07,559517.52,559.52,458.8,6216247.66
NA,0,0,27,1000,90.73,1.2,0,0,8,231,0.08,87.16,0.09,0.07,7382516.67
"2013-07-14 08:00:00",186,511,31,1000,56.39,3.4,486,8,7,195,487.07,526034.65,526.03,431.35,4785268.54
"2014-08-04 01:00:00",0,0,27,1000,76.98,4.2,0,1,8,216,0.08,87.94,0.09,0.07,6721644.44
"2013-05-16 07:00:00",181,113,31,1000,64.17,2.4,227,7,5,136,220.14,237746.39,237.75,194.95,4478141.96
"2013-11-14 02:00:00",0,0,25,1000,82.68,2.7,0,2,11,318,0.01,13.37,0.01,0.01,5362420.32
"2012-04-14 04:00:00",0,0,27,1000,86.66,2.4,0,4,4,105,0.05,56.49,0.06,0.05,2435711.73
"2012-08-11 13:00:00",251,598,37,1000,38.54,2.6,819,13,8,224,823.93,889844.13,889.84,729.67,3082451.54
"2012-07-13 07:00:00",136,23,31,1000,59.08,3,145,7,7,195,148.68,160579.67,160.58,131.68,2938280.73
"2012-01-27 17:00:00",54,71,25,1010,71.47,2.4,64,17,1,27,63.44,68510.97,68.51,56.18,1996234.14
"2013-05-24 21:00:00",0,0,30,1000,67.24,4.8,0,21,5,144,-0.03,-27.35,-0.03,-0.02,4532465.89
"2011-09-25 12:00:00",255,709,33,1000,63.41,0.5,938,12,9,268,936.52,1011445.64,1011.45,829.39,1457102.94
"2012-06-08 19:00:00",0,0,34,1000,47.11,3.5,0,19,6,160,0.73,787.59,0.79,0.65,2761817.76
"2014-10-08 20:00:00",0,0,28,1000,84.43,1.5,0,20,10,281,0.03,36.4,0.04,0.03,7059290.06
NA,0,0,29,1000,87.77,0.4,0,0,9,273,0.15,164.67,0.16,0.14,7382518.63
"2012-03-02 08:00:00",199,392,31,1000,55.49,3.2,391,8,3,62,382.65,413257.91,413.26,338.87,2174871.28
"2013-02-12 21:00:00",0,0,25,1010,70.67,3.4,0,21,2,43,-0.01,-14,-0.01,-0.01,3943241.69
"2014-11-14 06:00:00",24,0,26,1010,92.14,2.1,24,6,11,318,24.84,26832.51,26.83,22,7196875.41
"2014-11-12 16:00:00",32,0,26,1000,81.86,3.5,32,16,11,316,35.41,38243.31,38.24,31.36,7195206.87
"2014-10-26 02:00:00",0,0,26,1010,91.97,1.2,0,2,10,299,0,-4.68,0,0,7123334.17
"2014-01-19 03:00:00",0,0,24,1010,81.86,2.2,0,3,1,19,-0.19,-206.21,-0.21,-0.17,5633011.92
"2014-07-02 17:00:00",81,0,33,1000,53.99,2.4,81,17,7,183,78.8,85101.09,85.1,69.78,6568049.05
NA,0,0,27,1000,90.39,2.1,0,0,10,281,0.06,65.83,0.07,0.05,7382499.21
"2011-02-07 04:00:00",0,0,23,1000,89.77,2.1,0,4,2,38,-0.1,-109.46,-0.11,-0.09,175421.79
"2011-12-11 15:00:00",161,511,29,1000,68.87,2.6,399,15,12,345,404.37,436714.45,436.71,358.11,1795337.58
"2011-10-23 05:00:00",0,0,28,1000,91.1,0.5,0,5,10,296,0.06,59.45,0.06,0.05,1596927.48
"2012-08-25 02:00:00",0,0,27,1000,80.09,2.7,0,2,8,238,0.08,82.77,0.08,0.07,3160163.64
"2013-08-28 04:00:00",0,0,27,1000,93.72,2,0,4,8,240,0.07,71.53,0.07,0.06,4994544.62
"2014-06-20 15:00:00",200,549,34,1000,52,3,565,15,6,171,558.82,603527.32,603.53,494.89,6500903.49
"2013-10-31 13:00:00",365,260,29,1000,76.02,2.6,575,13,10,304,571.72,617453.09,617.45,506.31,5299317.4
"2012-06-05 06:00:00",68,70,29,1000,68.21,3.3,81,6,6,157,81.38,87886.55,87.89,72.07,2737482.48
"2014-09-04 13:00:00",287,5,30,1000,73.78,1.9,292,13,9,247,286.17,309058.74,309.06,253.43,6879565.15
"2012-05-16 11:00:00",304,611,34,1000,63.31,1.6,906,11,5,137,908.63,981322.45,981.32,804.68,2628564.38
"2011-11-24 09:00:00",315,147,28,1010,78.39,4.2,412,9,11,328,404.14,436466.7,436.47,357.9,1727118.7
"2012-09-16 17:00:00",59,24,32,1000,55.6,0.9,63,17,9,260,64.2,69339.58,69.34,56.86,3272719.15
"2011-01-11 21:00:00",0,0,24,1010,84.68,2.9,0,21,1,11,-0.13,-135.39,-0.14,-0.11,44506.93
"2014-06-27 07:00:00",158,261,30,1000,70.91,2.8,260,7,6,178,259.75,280531.94,280.53,230.04,6535095.87
"2013-07-15 17:00:00",58,0,30,1000,68.83,2.4,58,17,7,196,58.61,63300.21,63.3,51.91,4796142.96
"2013-03-27 08:00:00",166,609,33,1000,42.66,2,503,8,3,86,501.34,541446.37,541.45,443.99,4182025.64
"2012-12-12 11:00:00",214,732,30,1010,56.17,0.9,798,11,12,347,802.36,866550.96,866.55,710.57,3654326.31
"2012-08-20 04:00:00",0,0,28,1000,82.3,2.2,0,4,8,233,0.07,71.53,0.07,0.06,3129994.71
"2014-02-06 20:00:00",0,0,24,1010,69.64,2.5,0,20,2,37,-0.03,-35.63,-0.04,-0.03,5729735.57
"2013-05-28 15:00:00",202,540,37,1000,33.29,0.9,556,15,5,148,555.74,600194.58,600.19,492.16,4553703.39
"2013-08-22 08:00:00",256,206,29,1000,69.71,3.7,377,8,8,234,379.58,409951.3,409.95,336.16,4960787.51
"2011-04-20 02:00:00",0,0,28,1000,89.38,3,0,2,4,110,0.05,52.47,0.05,0.04,603501.46
"2011-10-20 23:00:00",0,0,28,1000,81.1,2,0,23,10,293,0.04,39.83,0.04,0.03,1586792.31
NA,0,0,28,1000,76.84,3.5,0,0,7,189,0.08,87.89,0.09,0.07,7382514.63
"2011-11-10 20:00:00",0,0,26,1010,75.85,3,0,20,11,314,0.03,36.7,0.04,0.03,1666906.82
"2011-07-15 09:00:00",345,222,34,1000,46.02,4.8,515,9,7,196,509.52,550281.59,550.28,451.23,1084950.76
"2014-11-19 09:00:00",220,597,29,1010,71.41,2.7,618,9,11,323,622.94,672772.37,672.77,551.67,7221333.18
"2013-03-25 23:00:00",0,0,26,1000,79.41,2.3,0,23,3,84,0.03,28.51,0.03,0.02,4175002.33
"2014-07-19 03:00:00",0,0,27,1000,72.15,4.5,0,3,7,200,0.04,42.16,0.04,0.03,6646779.89
"2011-03-15 16:00:00",139,534,30,1000,56.38,3.7,370,16,3,74,374.37,404317.58,404.32,331.54,385119.94
"2011-07-24 09:00:00",351,164,32,1000,52.12,2.9,477,9,7,205,478.61,516900.47,516.9,423.86,1129742.17
"2014-12-22 03:00:00",0,0,22,1010,82.52,3.3,0,3,12,356,-0.08,-88.7,-0.09,-0.07,7347658.8
NA,0,0,24,1010,81.31,2.2,0,0,1,22,-0.19,-199.98,-0.2,-0.16,7382494.95
"2012-03-15 10:00:00",238,686,35,1010,39.52,1.2,828,10,3,75,829.01,895330.94,895.33,734.17,2250287.86
"2011-07-04 06:00:00",54,20,27,1000,84.43,2.6,58,6,7,185,56.49,61007.47,61.01,50.03,1030144.62
"2011-06-20 17:00:00",79,0,35,1000,48.37,2.1,79,17,6,171,76.14,82234.22,82.23,67.43,955527.2
"2014-08-06 16:00:00",210,59,34,1000,46.08,2,239,16,8,218,235.99,254864,254.86,208.99,6736502.05
"2011-06-16 08:00:00",216,444,32,1000,52.55,4.5,485,8,6,167,486.41,525327.39,525.33,430.77,927309.74
"2014-05-23 18:00:00",0,0,32,1000,62.63,3.8,0,18,5,143,0.11,120.03,0.12,0.1,6345311.39
"2014-08-08 05:00:00",0,0,26,1000,86.08,3.5,0,5,8,220,0.02,26.6,0.03,0.02,6740826.85
"2012-07-19 10:00:00",240,650,35,1000,39.69,4,823,10,7,201,826.54,892668.58,892.67,731.99,2967332.79
"2013-11-20 22:00:00",0,0,25,1000,92.83,3.1,0,22,11,324,0.04,43.18,0.04,0.04,5387930.88
"2012-06-09 02:00:00",0,0,30,1000,56.98,5.2,0,2,6,161,-0.91,-984.36,-0.98,-0.81,2761816.79
"2014-09-17 06:00:00",42,10,26,1000,86.54,3.4,44,6,9,260,42.59,45997.6,46,37.72,6940479.4
"2012-07-05 23:00:00",0,0,31,1000,59.94,4.4,0,23,7,187,0.09,101.44,0.1,0.08,2900612.55
"2013-12-21 20:00:00",0,0,24,1010,75.35,2.5,0,20,12,355,-0.03,-33.33,-0.03,-0.03,5510249.67
"2013-08-21 05:00:00",0,0,25,1000,80.54,3.7,0,5,8,233,0.03,31.62,0.03,0.03,4954675.37
"2012-05-14 16:00:00",193,286,31,1000,68.36,2.2,321,16,5,135,320.99,346668.2,346.67,284.27,2619672.69
"2014-06-16 18:00:00",0,0,33,1000,56.36,2.2,0,18,6,167,0.62,670.43,0.67,0.55,6478365.09
"2014-07-27 01:00:00",0,0,28,1000,78.59,4,0,1,7,208,0.08,87.94,0.09,0.07,6688295.1
"2011-10-25 11:00:00",418,135,27,1000,83.4,2.2,540,11,10,298,543.56,587045.39,587.05,481.38,1607359.71
"2011-05-03 04:00:00",0,0,28,1000,93.99,2.5,0,4,5,123,0.06,65.94,0.07,0.05,674530.95
"2014-06-01 11:00:00",260,629,33,1000,73.49,1.4,874,11,6,152,887.55,958559.26,958.56,786.02,6395970.69
"2013-07-18 08:00:00",195,7,29,1000,64.97,3.8,200,8,7,199,191.96,207317.66,207.32,170,4803491.3
"2014-01-08 05:00:00",0,0,23,1010,84.15,3.1,0,5,1,8,-0.14,-149.58,-0.15,-0.12,5580760.91
"2014-09-03 18:00:00",0,0,28,1000,83.76,3,0,18,9,246,0.08,81.13,0.08,0.07,6877620.39
"2013-06-03 20:00:00",0,0,29,1000,78.18,1.3,0,20,6,154,0.11,118.78,0.12,0.1,4583927
"2012-12-10 15:00:00",158,532,28,1000,57.82,1.1,405,15,12,345,410.21,443025.41,443.03,363.28,3647211.6
"2014-05-06 18:00:00",0,0,28,1000,86.46,1.8,0,18,5,126,0.1,107.28,0.11,0.09,6246167.36
"2014-03-12 11:00:00",228,767,34,1010,31.26,2.4,947,11,3,71,942.2,1017574.56,1017.57,834.41,5906568.73
"2011-11-05 18:00:00",0,0,27,1010,89.03,2.4,0,18,11,309,0.06,69.94,0.07,0.06,1642075.48
"2014-06-29 01:00:00",0,0,28,1000,84.08,2.8,0,1,6,180,0.06,68.11,0.07,0.06,6545607.93
"2011-06-19 22:00:00",0,0,30,1000,56.27,5.3,0,22,6,170,0.12,132.04,0.13,0.11,949406.14
"2014-12-30 21:00:00",0,0,24,1000,90,3.3,0,21,12,364,0.06,59.81,0.06,0.05,7377908.34
"2012-11-11 16:00:00",104,238,27,1000,67.82,2.8,167,16,11,316,164.21,177348.36,177.35,145.43,3523954.87
"2013-07-21 13:00:00",298,499,32,1000,55.47,3.7,769,13,7,202,753.86,814170.23,814.17,667.62,4819243.57
"2012-07-31 14:00:00",370,219,37,1000,34.38,3.3,555,14,7,213,551.9,596053.94,596.05,488.76,3031442.95
"2011-12-07 21:00:00",0,0,24,1010,77.21,3.3,0,21,12,341,0.04,39.19,0.04,0.03,1777861.36
"2011-07-11 02:00:00",0,0,28,1000,72.28,4,0,2,7,192,0.06,65.45,0.07,0.05,1064167.94
NA,0,0,29,1000,65.29,4.7,0,0,6,162,0.17,187.67,0.19,0.15,7382491.83
"2012-11-03 15:00:00",152,0,29,1000,73.35,2.4,152,15,11,308,144.44,156000.56,156,127.92,3485228.6
"2011-09-25 19:00:00",0,0,30,1000,72.32,1.7,0,19,9,268,-0.59,-632.92,-0.63,-0.52,1459009.1
"2013-01-23 03:00:00",0,0,23,1010,81.39,2.5,0,3,1,23,-0.14,-154.55,-0.15,-0.13,3833161.8
"2013-02-04 11:00:00",199,782,33,1010,37.78,1.2,862,11,2,35,858.16,926812.77,926.81,759.99,3897997.18
"2013-04-29 23:00:00",0,0,28,1000,85.8,2.8,0,23,4,119,0.03,34.14,0.03,0.03,4387176
"2014-09-06 03:00:00",0,0,26,1000,89.77,3.4,0,3,9,249,0.04,39.93,0.04,0.03,6884542.12
"2013-08-22 06:00:00",47,79,26,1000,79.77,3.6,57,6,8,234,56.53,61057.03,61.06,50.07,4960214.9
"2014-03-23 15:00:00",189,649,35,1000,24.22,3.5,610,15,3,82,612.84,661864,661.86,542.73,5977941.9
"2014-12-30 18:00:00",0,0,24,1000,88.41,3.7,0,18,12,364,0.07,73.7,0.07,0.06,7377908.2
"2014-09-18 14:00:00",196,1,31,1000,73.31,2.1,197,14,9,261,208.38,225053.77,225.05,184.54,6947597.93
"2014-05-29 15:00:00",192,567,32,1000,71.39,2.3,564,15,5,149,556.64,601171.74,601.17,492.96,6380254.38
"2012-08-08 05:00:00",0,0,27,1000,73.21,3.1,0,5,8,221,0.06,65.5,0.07,0.05,3064915.73
"2013-10-03 22:00:00",0,0,27,1000,90.4,2.1,0,22,10,276,0.04,43.01,0.04,0.04,5179178.47
"2013-02-24 04:00:00",0,0,25,1010,90.33,0.7,0,4,2,55,-0.12,-132.95,-0.13,-0.11,3997316.64
"2013-08-24 09:00:00",179,684,31,1000,63.3,2.9,707,9,8,236,715.19,772410.01,772.41,633.38,4973235.82
"2011-03-22 20:00:00",0,0,27,1010,82.55,3.3,0,20,3,81,0.05,58.07,0.06,0.05,428659.42
"2012-06-28 01:00:00",0,0,28,1000,79.46,2.9,0,1,6,180,0.05,51.66,0.05,0.04,2858739.86
"2012-10-16 19:00:00",0,0,27,1010,83.35,2.3,0,19,10,290,0.05,56.05,0.06,0.05,3420985.71
"2014-12-02 09:00:00",278,383,28,1010,67.67,2.7,522,9,12,336,505.03,545427.55,545.43,447.25,7268432.12
"2013-09-19 17:00:00",44,0,29,1000,79.94,2.8,44,17,9,262,43.65,47138.74,47.14,38.65,5107685.46
"2013-06-22 03:00:00",0,0,28,1000,70.05,4.3,0,3,6,173,0.14,146.52,0.15,0.12,4678384.41
"2012-06-23 12:00:00",225,712,38,1000,36.89,1.6,924,12,6,175,927.13,1001304.49,1001.3,821.07,2836127.4
"2013-11-19 02:00:00",0,0,26,1010,87.44,2.8,0,2,11,323,0,3.77,0,0,5378230.48
"2014-04-25 09:00:00",224,639,38,1000,34.06,2.2,727,9,4,115,723.63,781521.66,781.52,640.85,6180095.94
"2011-05-15 13:00:00",251,673,34,1000,51.44,3,879,13,5,135,875.95,946023.71,946.02,775.74,753102.91
"2014-04-22 22:00:00",0,0,28,1010,78.48,2.6,0,22,4,112,0.03,32.41,0.03,0.03,6166213.75
"2013-01-29 12:00:00",323,557,32,1010,39.46,1.7,801,12,1,29,803,867240.59,867.24,711.14,3866967.62
"2011-05-01 20:00:00",0,0,29,1000,87.9,2.2,0,20,5,121,0,4.36,0,0,668444.7
"2014-11-17 21:00:00",0,0,25,1010,83.47,2.2,0,21,11,321,0.01,6.97,0.01,0.01,7215949.73
"2013-01-10 04:00:00",0,0,24,1010,87.87,2.3,0,4,1,10,-0.21,-229.48,-0.23,-0.19,3771976.44
NA,0,0,28,1000,84.32,3.8,0,0,6,155,0.08,87.89,0.09,0.07,7382513.33
"2012-02-16 01:00:00",0,0,25,1000,87.02,1.4,0,1,2,47,-0.12,-132.01,-0.13,-0.11,2093373.12
"2014-10-14 19:00:00",0,0,28,1010,86.39,2.1,0,19,10,287,0.04,43.01,0.04,0.04,7085244.2
"2013-01-12 16:00:00",153,302,27,1010,49.12,2.6,252,16,1,12,249.85,269834.68,269.83,221.26,3785888.87
"2014-12-06 20:00:00",0,0,25,1010,82.12,1.7,0,20,12,340,-0.01,-15.33,-0.02,-0.01,7290747.64
"2013-02-22 10:00:00",235,696,32,1010,42.64,3.1,797,10,2,53,782.5,845096.9,845.1,692.98,3987446.02
"2013-03-27 10:00:00",213,770,38,1000,23.57,2.3,895,10,3,86,895.95,967629.77,967.63,793.46,4183472
"2012-11-17 06:00:00",25,0,23,1010,82.06,2.4,25,6,11,322,24.86,26845.56,26.85,22.01,3547944.56
"2013-10-20 14:00:00",193,2,28,1000,78.8,2.5,195,14,10,293,192.83,208254.85,208.25,170.77,5261430.78
"2014-12-17 03:00:00",0,0,25,1010,85.56,3.2,0,3,12,351,-0.08,-88.7,-0.09,-0.07,7328222.94
"2012-06-26 17:00:00",104,54,34,1000,44.57,3.5,118,17,6,178,116.12,125414.24,125.41,102.84,2853652.69
"2013-10-17 16:00:00",107,367,29,1000,76.56,2,221,16,10,290,222.65,240466.29,240.47,197.18,5248255.22
"2014-11-19 14:00:00",225,558,29,1010,65.6,3.1,582,14,11,323,587.44,634438.96,634.44,520.24,7224568.55
"2013-11-06 03:00:00",0,0,27,1010,79.71,2.3,0,3,11,310,0.07,75.7,0.08,0.06,5324911.52
"2011-02-03 08:00:00",147,531,26,1010,60.78,3.1,375,8,2,34,373.71,403608.34,403.61,330.96,154606.98
"2013-05-07 22:00:00",0,0,29,1000,81.97,3.3,0,22,5,127,-0.01,-13.42,-0.01,-0.01,4434570.83
"2012-01-14 06:00:00",0,0,24,1010,80.52,2.2,0,6,1,14,0.98,1054.6,1.05,0.86,1924441.41
"2014-05-22 05:00:00",0,0,28,1000,89.38,3.8,0,5,5,142,0.07,71.04,0.07,0.06,6333111.36
"2013-12-14 22:00:00",0,0,24,1010,86.98,2.3,0,22,12,348,0.03,27.83,0.03,0.02,5479174.91
"2013-06-09 10:00:00",203,704,30,1000,61.32,3.3,840,10,6,160,830.48,896914.56,896.91,735.47,4610639.28
"2014-06-12 06:00:00",55,22,28,1000,78.86,3.8,59,6,6,163,60.01,64805.84,64.81,53.14,6451658.1
"2014-11-18 07:00:00",131,245,26,1010,80.68,2.5,205,7,11,322,207.43,224025.64,224.03,183.7,7216151.53
"2013-06-19 15:00:00",175,603,36,990,37.16,2.9,576,15,6,170,576.58,622708.13,622.71,510.62,4666757.58
"2014-02-16 15:00:00",180,606,29,1000,57.63,0.9,547,15,2,47,542.71,586122.08,586.12,480.62,5782754.84
"2013-05-06 21:00:00",0,0,29,1000,82.9,3.8,0,21,5,126,-0.01,-13.42,-0.01,-0.01,4428840.73
"2012-10-02 07:00:00",144,47,28,1000,91.58,2.2,162,7,10,276,161.71,174646.41,174.65,143.21,3343221.01
"2012-01-27 19:00:00",0,0,24,1010,77.62,2.7,0,19,1,27,-0.11,-123.85,-0.12,-0.1,1996233.94
"2012-08-30 23:00:00",0,0,27,1000,81.26,4.1,0,23,8,243,0.08,81.74,0.08,0.07,3187351.79
"2014-05-12 16:00:00",153,434,32,1000,70.63,1.8,346,16,5,132,351.54,379668.28,379.67,311.33,6278980.41
"2011-06-09 20:00:00",0,0,29,1000,76.75,4,0,20,6,160,0.03,33.27,0.03,0.03,899089.05
"2012-05-20 21:00:00",0,0,30,1000,77.92,2.9,0,21,5,141,-0.08,-87.12,-0.09,-0.07,2654612.92
"2013-12-15 21:00:00",0,0,23,1010,74.57,2.9,0,21,12,349,0,4.27,0,0,5483986
NA,0,0,28,1000,85.12,4.1,0,0,5,142,0.07,71.04,0.07,0.06,7382513.74
"2011-10-21 23:00:00",0,0,27,1000,83.71,2,0,23,10,294,0.04,43.01,0.04,0.04,1591975.29
"2012-07-06 17:00:00",100,201,34,990,47.33,2.8,152,17,7,188,149.96,161954.47,161.95,132.8,2906642.26
"2013-11-11 15:00:00",211,274,28,1000,68.06,2.5,342,15,11,315,346.71,374448.24,374.45,307.05,5352990.01
"2013-11-06 06:00:00",31,5,27,1010,76.3,2.8,32,6,11,310,33.33,35992.31,35.99,29.51,5324941.16
NA,0,0,23,1010,76.79,3.1,0,0,12,358,-0.09,-91.87,-0.09,-0.08,7382519.68
"2012-03-30 15:00:00",207,599,37,1000,28.08,2.9,597,15,3,90,598.94,646852.17,646.85,530.42,2346641.86
"2014-04-27 17:00:00",89,86,29,1000,75.85,3.1,107,17,4,117,110.17,118981.03,118.98,97.56,6197401.58
"2012-09-21 20:00:00",0,0,28,1000,81.75,1.7,0,20,9,265,0.04,41.41,0.04,0.03,3298424.1
"2011-01-01 22:00:00",0,0,25,1000,88.23,1.9,0,22,1,1,-0.2,-213.33,-0.21,-0.17,4059.37
"2011-04-10 20:00:00",0,0,27,1010,89.43,1.8,0,20,4,100,0.01,13.04,0.01,0.01,547704.13
"2012-01-30 20:00:00",0,0,24,1010,77.83,3.2,0,20,1,30,-0.02,-22.35,-0.02,-0.02,2011507.69
"2013-06-17 13:00:00",206,713,33,1000,44.04,3.5,869,13,6,168,872.03,941794.61,941.79,772.27,4653472.22
"2014-07-22 04:00:00",0,0,26,1000,76.44,4.2,0,4,7,203,0.02,26.6,0.03,0.02,6660922.15
"2011-07-09 22:00:00",0,0,29,1000,80.23,2.9,0,22,7,190,0.06,62.36,0.06,0.05,1058008.98
"2013-05-14 23:00:00",0,0,29,1000,77.75,1.8,0,23,5,134,0.06,66.15,0.07,0.05,4472042.52
"2011-07-22 11:00:00",355,433,33,1000,46.7,3.2,777,11,7,203,773.73,835633.78,835.63,685.22,1122945.21
"2013-07-30 04:00:00",0,0,26,1000,71.28,3.7,0,4,7,211,0.08,85.23,0.09,0.07,4855245.05
"2011-06-30 01:00:00",0,0,29,1000,65.78,3.4,0,1,6,181,0.2,211.01,0.21,0.17,1008058.66
"2014-07-28 10:00:00",415,48,32,1000,53.25,4.3,459,10,7,209,458.85,495561.86,495.56,406.36,6693846.9
"2013-07-26 23:00:00",0,0,27,1000,85.94,3.7,0,23,7,207,0.06,62.58,0.06,0.05,4838168.48
"2012-05-04 01:00:00",0,0,28,1000,89.74,4.4,0,1,5,125,0.04,47.7,0.05,0.04,2556709.11
"2013-07-01 20:00:00",0,0,30,1000,59.97,4.2,0,20,7,182,0.16,174.38,0.17,0.14,4732783.79
"2014-09-01 16:00:00",125,505,29,1000,77.42,3.5,346,16,9,244,339.54,366707.79,366.71,300.7,6866517.08
"2011-07-01 16:00:00",150,468,34,1000,48.98,2.7,374,16,7,182,373.23,403090.29,403.09,330.53,1019844.56
"2014-02-05 16:00:00",157,426,29,1000,40.8,2.2,320,16,2,36,315.22,340441.66,340.44,279.16,5724142.67
"2011-04-25 19:00:00",0,0,27,1000,85.38,1.5,0,19,4,115,0.01,8.03,0.01,0.01,631644.12
"2011-07-16 18:00:00",1,0,29,1000,74.99,4.2,1,18,7,197,0.64,694.61,0.69,0.57,1095003.75
"2012-08-15 13:00:00",249,612,35,1000,48.89,0.6,829,13,8,228,839.56,906728.49,906.73,743.52,3105338.56
"2014-07-04 16:00:00",148,478,37,990,36.67,0.8,378,16,7,185,377.38,407571.43,407.57,334.21,6580173.39
"2013-06-12 18:00:00",0,0,32,990,49.09,4,0,18,6,163,0.14,153.79,0.15,0.13,4628019.25
"2012-06-16 04:00:00",0,0,29,1000,66.99,3.7,0,4,6,168,0.2,211.01,0.21,0.17,2799174.46
"2014-12-05 02:00:00",0,0,24,1010,80.99,2.2,0,2,12,339,-0.02,-24.93,-0.02,-0.02,7281942.62
"2013-03-17 09:00:00",194,705,34,1010,26.43,1.4,702,9,3,76,699.14,755070.1,755.07,619.16,4120900.62
"2013-12-11 10:00:00",207,671,28,1010,63.34,4.1,702,10,12,345,703.64,759936.49,759.94,623.15,5465596.76
"2012-10-06 20:00:00",0,0,29,1010,85.72,0.5,0,20,10,280,0.31,334.06,0.33,0.27,3370817.43
"2014-10-30 23:00:00",0,0,25,1010,86.01,3,0,23,10,303,0.02,25.91,0.03,0.02,7146325.48
"2013-06-08 20:00:00",0,0,29,1000,67.02,4.2,0,20,6,159,0.08,84.32,0.08,0.07,4608517.35
"2011-03-10 21:00:00",0,0,25,1010,74.08,2.8,0,21,3,69,0.03,35.4,0.04,0.03,355227.15
"2012-03-21 11:00:00",253,736,39,1000,27.17,2.4,957,11,3,81,957.34,1033924.39,1033.92,847.82,2287681.23
"2012-02-10 16:00:00",184,247,29,1000,49.74,2.7,281,16,2,41,278.14,300394.02,300.39,246.32,2067423.04
"2011-07-02 02:00:00",0,0,28,1000,84.32,3,0,2,7,183,0.06,65.08,0.07,0.05,1019909.79
"2013-03-07 19:00:00",0,0,27,1010,81.84,2.9,0,19,3,66,0.01,13.95,0.01,0.01,4064934.46
"2014-04-02 05:00:00",0,0,25,1000,82.63,2.7,0,5,4,92,0,-3.47,0,0,6035596.59
"2011-10-02 17:00:00",36,4,30,1000,74.23,0.5,37,17,10,275,35.56,38406.57,38.41,31.49,1496416.28
"2014-08-10 10:00:00",192,726,33,1000,51.78,2.1,848,10,8,222,848.08,915921.41,915.92,751.06,6752409.74
"2013-10-18 23:00:00",0,0,27,1000,89.06,1.4,0,23,10,291,0.04,47.36,0.05,0.04,5253722.19
"2011-03-02 17:00:00",80,135,26,1000,58.4,2.9,106,17,3,61,105.32,113741.55,113.74,93.27,306245.99
"2011-10-17 15:00:00",252,171,31,1000,65,1.4,343,15,10,290,344.12,371644.62,371.64,304.75,1570883.98
"2014-05-09 18:00:00",0,0,29,1000,82.59,3.8,0,18,5,129,0.02,16.95,0.02,0.01,6261734.01
"2014-03-29 04:00:00",0,0,26,1000,76.8,1.7,0,4,3,88,-0.02,-19.48,-0.02,-0.02,6010109.95
"2013-01-20 08:00:00",147,486,27,1010,68.72,2.4,348,8,1,20,352.2,380379.01,380.38,311.91,3818405.35
"2014-10-19 03:00:00",0,0,26,1000,88.26,2.2,0,3,10,292,0,4.5,0,0,7100397.02
"2012-09-30 05:00:00",0,0,26,1000,90.16,1.6,0,5,9,274,0,-2.11,0,0,3335828.42
"2011-04-05 13:00:00",220,756,36,1000,37.62,3.7,929,13,4,95,929.01,1003329.23,1003.33,822.73,514701.77
"2014-06-14 11:00:00",327,514,34,1000,48.19,4.1,827,11,6,165,820.26,885876.13,885.88,726.42,6464701.68
"2014-03-22 22:00:00",0,0,27,1000,82.39,2.6,0,22,3,81,0.03,32.41,0.03,0.03,5972127.02
"2011-05-22 12:00:00",255,684,39,1000,34.72,1,930,12,5,142,929.39,1003743.59,1003.74,823.07,794794.33
"2012-12-13 08:00:00",155,516,27,1010,73.77,1.2,386,8,12,348,383.06,413703.94,413.7,339.24,3657238.52
"2014-07-28 20:00:00",0,0,30,1000,65.8,3.2,0,20,7,209,0.13,137.57,0.14,0.11,6695681.78
"2014-05-22 20:00:00",0,0,31,1000,67.29,2.6,0,20,5,142,-0.13,-143.58,-0.14,-0.12,6339245.56
"2011-01-07 08:00:00",184,262,25,1010,84.95,4.2,293,8,1,7,294.64,318215.7,318.22,260.94,22625.28
"2014-02-04 15:00:00",181,629,30,1000,43.23,1.8,545,15,2,35,549.87,593854.52,593.85,486.96,5718358.32
"2014-11-05 11:00:00",405,229,31,1010,61.55,2.8,605,11,11,309,603.5,651775.52,651.78,534.46,7164911.76
"2012-12-31 02:00:00",0,0,25,1000,85.38,2.4,0,2,12,366,-0.1,-110.37,-0.11,-0.09,3725883.76
"2013-09-08 01:00:00",0,0,27,1000,90.79,1,0,1,9,251,0.08,81.02,0.08,0.07,5056229.46
"2014-02-06 15:00:00",178,639,30,1000,30.5,2.8,551,15,2,37,549.15,593077.61,593.08,486.32,5729379.07
"2011-12-30 07:00:00",32,0,26,1010,90.2,5.2,32,7,12,364,35.82,38683.86,38.68,31.72,1863883.43
"2012-07-21 06:00:00",48,12,27,1000,73.36,3.2,50,6,7,203,50.62,54673.13,54.67,44.83,2974705.04
"2011-01-28 02:00:00",0,0,24,1010,83.94,1.9,0,2,1,28,-0.17,-183.6,-0.18,-0.15,123600.23
"2011-02-13 02:00:00",0,0,24,1000,83.17,1.1,0,2,2,44,-0.12,-132.01,-0.13,-0.11,208811.44
"2011-04-01 18:00:00",0,0,29,1000,68.76,4.4,0,18,4,91,0,-0.66,0,0,491216.35
"2011-02-21 18:00:00",0,0,26,1010,85.99,2.1,0,18,2,52,-0.05,-53.82,-0.05,-0.04,257734.44
"2011-03-14 03:00:00",0,0,26,1000,93.07,1.9,0,3,3,73,-0.02,-19.48,-0.02,-0.02,373124.02
"2013-09-07 15:00:00",213,8,29,1000,77.33,1.9,219,15,9,250,203.22,219481.77,219.48,179.98,5056063.42
"2013-01-21 03:00:00",0,0,24,1010,87.57,1.6,0,3,1,21,-0.2,-212.81,-0.21,-0.17,3822832.91
"2014-05-14 04:00:00",0,0,28,1000,93.36,2.2,0,4,5,134,0.04,46.44,0.05,0.04,6285143.07
"2011-07-08 01:00:00",0,0,28,1000,78.34,3.3,0,1,7,189,0.08,87.89,0.09,0.07,1046691.18
"2012-08-11 10:00:00",402,233,34,1000,42.77,3,613,10,8,224,614.45,663606.34,663.61,544.16,3080583.38
"2012-10-28 15:00:00",220,279,29,1000,74.74,4.5,360,15,10,302,358.45,387123.24,387.12,317.44,3465364.03
"2012-07-07 05:00:00",0,0,28,1000,77.57,3.1,0,5,7,189,0.08,87.89,0.09,0.07,2906643.56
"2013-07-07 21:00:00",0,0,29,1000,72.89,2.8,0,21,7,188,0.04,43.81,0.04,0.04,4759131.38
"2012-10-01 12:00:00",428,233,30,1000,75.47,1.2,650,12,10,275,650.22,702238.95,702.24,575.84,3341492.33
"2011-08-01 01:00:00",0,0,27,1000,76.83,4.2,0,1,8,213,0.08,87.94,0.09,0.07,1167321.24
"2012-06-22 08:00:00",230,24,31,1000,47.77,3.3,245,8,6,174,252.21,272390.1,272.39,223.36,2827449.59
"2014-02-23 06:00:00",0,0,25,1010,80.55,1.4,0,6,2,54,0.97,1049.88,1.05,0.86,5810963.29
"2013-05-05 13:00:00",248,678,35,1000,50.54,3.3,883,13,5,125,881.81,952356.97,952.36,780.93,4422319.26
"2012-06-04 12:00:00",226,714,38,1000,38.15,2.3,928,12,6,156,927.55,1001754.65,1001.75,821.44,2735049.04
"2013-12-10 14:00:00",191,617,29,1000,58.6,3,578,14,12,344,571.17,616861.34,616.86,505.83,5463524.13
NA,0,0,23,1010,79.53,3.6,0,0,12,356,-0.09,-91.87,-0.09,-0.08,7382499.28
"2014-11-05 01:00:00",0,0,25,1010,83.93,2,0,1,11,309,0,4.5,0,0,7162650.31
NA,0,0,26,1000,91,2.2,0,0,8,226,-0.28,-304.81,-0.3,-0.25,7382496.22
"2013-04-26 11:00:00",244,718,33,1010,59.12,2,954,11,4,116,954.11,1030439.9,1030.44,844.96,4365369.32
"2013-06-04 15:00:00",174,599,33,1000,54.3,1.1,568,15,6,155,574.68,620650.57,620.65,508.93,4588471.97
"2014-08-13 21:00:00",0,0,29,1000,68,2.6,0,21,8,225,0.14,149.24,0.15,0.12,6772967.47
"2011-02-03 13:00:00",212,762,28,1010,55.19,3.3,844,13,2,34,841.85,909196,909.2,745.54,158099.35
"2011-09-30 06:00:00",46,49,27,1000,88.76,1.4,52,6,9,273,52.99,57226.56,57.23,46.93,1479904.12
"2011-08-16 15:00:00",300,60,30,1000,71.54,0.7,341,15,8,228,346.18,373873.47,373.87,306.58,1252678.54
"2013-03-31 01:00:00",0,0,27,1000,82.37,2.9,0,1,3,90,0.04,39.05,0.04,0.03,4206344.21
"2013-05-05 02:00:00",0,0,28,1000,91.57,4.2,0,2,5,125,0.07,71.04,0.07,0.06,4418134.59
"2011-09-21 02:00:00",0,0,26,1000,92.48,3.4,0,2,9,264,0.03,29.1,0.03,0.02,1429658.25
"2011-05-18 15:00:00",207,544,33,1000,54.23,3.2,562,15,5,138,560.68,605538.54,605.54,496.54,772718.25
"2011-07-04 05:00:00",0,0,27,1000,85.19,2.8,0,5,7,185,0.06,68.11,0.07,0.06,1030094.6
"2013-06-26 22:00:00",0,0,30,1000,72.19,4.1,0,22,6,177,0.04,40.42,0.04,0.03,4704078.81
"2014-03-07 06:00:00",3,0,26,1010,78.7,2,3,6,3,66,1.79,1928.88,1.93,1.58,5876445.42
"2013-02-01 05:00:00",0,0,23,1010,82.52,2.6,0,5,2,32,-0.09,-97.29,-0.1,-0.08,3879533.69
"2011-04-29 15:00:00",179,610,31,1000,69.55,0.6,576,15,4,119,579.79,626171.4,626.17,513.46,655739.24
"2013-01-20 19:00:00",0,0,24,1010,77.87,3.2,0,19,1,20,-0.08,-90.16,-0.09,-0.07,3822833.92
"2011-03-13 05:00:00",0,0,26,1010,89.04,1.4,0,5,3,72,-0.02,-25.61,-0.03,-0.02,367310.23
"2014-09-05 14:00:00",264,505,29,1000,76.17,1.7,675,14,9,248,645.19,696804.02,696.8,571.38,6883843.59
"2011-10-24 05:00:00",0,0,27,1000,90.92,1,0,5,10,297,0.06,70.18,0.07,0.06,1601996.73
"2011-05-28 07:00:00",170,277,30,1000,77.64,2.6,283,7,5,148,280.42,302857.7,302.86,248.34,825481.84
"2011-10-28 14:00:00",279,394,28,1000,82.03,3.3,549,14,10,301,560.77,605636.3,605.64,496.62,1618054.29
"2013-10-26 11:00:00",280,587,28,1000,89.27,2.4,807,11,10,299,799.95,863951.02,863.95,708.44,5278139.25
"2014-03-14 11:00:00",231,786,36,1010,23.14,2.6,971,11,3,73,970.08,1047685.03,1047.69,859.1,5918606.47
"2013-06-18 13:00:00",206,714,36,990,37.62,4.1,870,13,6,169,871.05,940735.83,940.74,771.4,4659566.43
"2012-06-20 09:00:00",343,118,34,1000,41.04,4.7,435,9,6,172,434.59,469357.49,469.36,384.87,2817370.12
"2014-06-25 04:00:00",0,0,29,1000,72.49,4.4,0,4,6,176,0.1,106.61,0.11,0.09,6523107.49
"2013-06-11 20:00:00",0,0,31,1000,63.09,4.1,0,20,6,162,0.07,71.89,0.07,0.06,4625065.68
"2012-03-04 21:00:00",0,0,27,1010,77.69,3,0,21,3,64,0.02,22.07,0.02,0.02,2191748.71
"2013-04-30 05:00:00",0,0,28,1000,88.37,1.9,0,5,4,120,0.05,49.93,0.05,0.04,4387176.2
"2011-12-20 20:00:00",0,0,23,1010,79.4,3.3,0,20,12,354,0.01,15.98,0.02,0.01,1831508.4
"2013-05-09 18:00:00",0,0,31,1000,70.3,3.8,0,18,5,129,-0.06,-64.78,-0.06,-0.05,4446887.06
"2012-01-27 11:00:00",239,697,29,1010,53.5,2,817,11,1,27,818.64,884135.24,884.14,724.99,1993416.98
"2011-01-04 22:00:00",0,0,25,1010,83.04,3.3,0,22,1,4,-0.11,-115.74,-0.12,-0.09,15630.17
"2013-06-11 06:00:00",61,23,28,1000,66.85,3.9,65,6,6,162,65.81,71072.89,71.07,58.28,4620147.47
"2014-05-06 02:00:00",0,0,27,1000,90.14,2.4,0,2,5,126,0.06,59.48,0.06,0.05,6241773.27
"2011-09-11 03:00:00",0,0,27,1000,85.72,2.1,0,3,9,254,0.06,65.83,0.07,0.05,1377836.13
"2014-06-09 02:00:00",0,0,28,990,79.5,4.1,0,2,6,160,0.08,87.89,0.09,0.07,6437772.43
"2011-08-31 11:00:00",373,411,28,1000,76.14,2.5,777,11,8,243,760.97,821848.49,821.85,673.92,1320932.88
NA,0,0,23,1010,80.88,2.2,0,0,1,23,-0.17,-187.12,-0.19,-0.15,7382514.99
"2014-05-21 20:00:00",0,0,30,1000,76.41,3.2,0,20,5,141,-0.06,-64.31,-0.06,-0.05,6333111.12
"2011-08-08 18:00:00",0,0,31,1000,68.97,3.3,0,18,8,220,0.09,100.2,0.1,0.08,1207084.79
"2013-06-04 07:00:00",131,425,29,1000,67.81,3.3,303,7,6,155,297.1,320871.24,320.87,263.11,4584273.22
"2013-07-07 10:00:00",378,329,34,1000,48.73,3.2,673,10,7,188,679.4,733751.43,733.75,601.68,4756295.55
"2011-01-22 14:00:00",193,703,28,1010,61.42,3,684,14,1,22,682.89,737525.83,737.53,604.77,97988.55
"2014-04-12 16:00:00",159,435,31,1000,55.04,2.4,351,16,4,102,346.18,373875.48,373.88,306.58,6103599.81
"2011-07-06 23:00:00",0,0,28,1000,74.03,3,0,23,7,187,0.04,46.96,0.05,0.04,1042102.51
"2013-09-28 02:00:00",0,0,27,1000,89.19,2.4,0,2,9,271,0.07,78.88,0.08,0.06,5149464.85
"2011-09-04 08:00:00",151,607,28,1000,76.64,2.4,509,8,9,247,519.71,561286.63,561.29,460.26,1338917.96
"2011-05-11 04:00:00",0,0,27,1000,84.66,3.8,0,4,5,131,0.07,71.04,0.07,0.06,723830.56
"2011-07-22 15:00:00",303,164,34,1000,43.34,3.3,415,15,7,203,416.63,449964.46,449.96,368.97,1125424.32
NA,0,0,26,1010,76.04,2.1,0,0,3,84,-0.02,-17.89,-0.02,-0.01,7382491.39
NA,0,0,26,1010,81.88,1,0,0,3,74,-0.03,-27.06,-0.03,-0.02,7382491.44
"2013-07-04 15:00:00",310,116,36,990,38.26,2.6,389,15,7,185,388.87,419983.09,419.98,344.39,4747783.47
"2012-02-01 06:00:00",0,0,23,1010,80.72,2.5,0,6,2,32,0.85,917.67,0.92,0.75,2016684.46
"2011-08-11 08:00:00",238,361,30,1000,72.47,2.1,449,8,8,223,450.75,486807.46,486.81,399.18,1219718.67
"2011-08-13 19:00:00",0,0,30,1000,75.4,1.2,0,19,8,225,0.05,51.69,0.05,0.04,1236017.97
"2014-04-18 17:00:00",86,92,31,1000,54.1,3.5,105,17,4,108,105.26,113685.77,113.69,93.22,6141010.34
"2014-11-15 23:00:00",0,0,25,1010,83.6,2.6,0,23,11,319,0.02,24.75,0.02,0.02,7206196.38
"2013-07-19 07:00:00",138,11,26,1000,76.19,4.1,143,7,7,200,139.67,150839.68,150.84,123.69,4806684.4
"2012-06-20 07:00:00",175,73,28,1000,59.82,4.3,204,7,6,172,203.71,220002.31,220,180.4,2816671.87
"2011-02-11 03:00:00",0,0,24,1000,88.22,1.8,0,3,2,42,-0.1,-111.05,-0.11,-0.09,197607.51
NA,0,0,27,1000,84.39,3.7,0,0,7,207,0.08,87.94,0.09,0.07,7382515.13
"2013-02-02 14:00:00",186,744,30,1010,37.82,3.1,728,14,2,33,728.38,786645.46,786.65,645.05,3889452.05
"2011-08-25 14:00:00",375,132,30,1000,73.75,0.5,485,14,8,237,486.61,525535.95,525.54,430.94,1295044.34
"2012-12-23 05:00:00",0,0,24,1010,78.78,3.1,0,5,12,358,-0.09,-91.87,-0.09,-0.08,3700689.83
"2011-09-22 01:00:00",0,0,26,1000,83.86,2.9,0,1,9,265,-0.01,-7.14,-0.01,-0.01,1435305.03
"2012-09-17 11:00:00",210,750,32,1000,63.18,1.5,938,11,9,261,934.36,1009112.81,1009.11,827.47,3275566.44
"2014-09-03 08:00:00",249,287,27,1000,85.63,2.6,419,8,9,246,412.3,445282.5,445.28,365.13,6872903.87
"2011-09-27 03:00:00",0,0,27,1000,91.06,2,0,3,9,270,0.06,65.83,0.07,0.05,1464987.13
"2012-03-04 20:00:00",0,0,27,1010,74.84,3.2,0,20,3,64,0.04,44.88,0.04,0.04,2191748.69
"2014-09-23 22:00:00",0,0,27,1000,86.87,2.5,0,22,9,266,0.06,60.78,0.06,0.05,6974690.75
"2011-08-26 10:00:00",405,127,30,1000,77.62,1.6,521,10,8,238,515.18,556398.35,556.4,456.25,1296848.91
"2013-03-10 06:00:00",9,0,26,1010,86.29,1.7,9,6,3,69,6.86,7411.2,7.41,6.08,4076679.23
"2011-03-12 05:00:00",0,0,26,1000,92.32,1.6,0,5,3,71,-0.02,-23.04,-0.02,-0.02,361425.28
"2012-07-24 18:00:00",1,0,32,1000,61.61,3.2,1,18,7,206,0.82,890.06,0.89,0.73,2995780.81
"2011-07-28 02:00:00",0,0,27,1000,81,4.3,0,2,7,209,0.08,87.94,0.09,0.07,1149581.69
"2014-05-29 06:00:00",69,56,29,1000,92.82,2.6,79,6,5,149,77.99,84228.65,84.23,69.07,6374589.33
"2011-07-09 03:00:00",0,0,28,1000,83.63,2.2,0,3,7,190,0.06,63.29,0.06,0.05,1052663.74
"2011-08-18 05:00:00",0,0,26,1000,93.68,2.5,0,5,8,230,0.03,35.89,0.04,0.03,1258265.3
"2012-03-04 05:00:00",0,0,25,1000,95.59,2.5,0,5,3,64,-0.02,-17.32,-0.02,-0.01,2185885.29
"2013-07-07 01:00:00",0,0,28,1000,74.83,3.1,0,1,7,188,0.08,87.89,0.09,0.07,4754788.24
"2011-01-16 12:00:00",209,755,29,1010,63.48,1.8,834,12,1,16,829.75,896130.53,896.13,734.83,65993.68
"2011-01-02 03:00:00",0,0,25,1000,89.36,1.6,0,3,1,2,-0.23,-249.13,-0.25,-0.2,4058.59
"2014-09-14 03:00:00",0,0,26,1000,85.56,2.2,0,3,9,257,0,4.5,0,0,6926435.98
"2013-05-19 03:00:00",0,0,28,1000,88.78,3.7,0,3,5,139,0.07,71.04,0.07,0.06,4495714.75
"2014-01-12 09:00:00",179,643,28,1010,65.86,1.5,560,9,1,12,568.17,613627.4,613.63,503.17,5600031.99
"2014-04-20 12:00:00",256,735,38,1000,24.84,2.1,988,12,4,110,987.26,1066242.39,1066.24,874.32,6151281.85
"2013-09-23 14:00:00",164,744,32,1000,62.85,1.3,741,14,9,266,744.85,804440.02,804.44,659.64,5129219.65
"2014-12-12 22:00:00",0,0,26,1010,80.09,2.1,0,22,12,346,-0.03,-30.94,-0.03,-0.03,7313506.11
"2011-09-22 17:00:00",49,31,31,1000,66.75,1.3,54,17,9,265,52.8,57023.88,57.02,46.76,1441286.83
"2014-08-02 04:00:00",0,0,27,1000,72.33,4.2,0,4,8,214,0.06,65.5,0.07,0.05,6714043.06
"2012-05-15 15:00:00",239,458,32,1000,66.37,1.8,538,15,5,136,536.59,579518.35,579.52,475.21,2625339.71
"2013-09-13 23:00:00",0,0,27,1000,91.33,0.7,0,23,9,256,0.03,36.62,0.04,0.03,5075585.51
"2011-10-27 23:00:00",0,0,27,1010,88.19,1.5,0,23,10,300,0.03,36.4,0.04,0.03,1613501.48
"2012-09-23 04:00:00",0,0,27,1000,92.29,1.1,0,4,9,267,0.06,70.18,0.07,0.06,3304192.28
"2014-05-20 19:00:00",0,0,30,1000,72.36,3.3,0,19,5,140,-0.08,-85.07,-0.09,-0.07,6327029.25
"2013-08-25 11:00:00",199,758,32,1000,63.71,1.6,946,11,8,237,942.82,1018244.03,1018.24,834.96,4980778
"2011-12-31 11:00:00",380,166,28,1010,76.52,2.5,512,11,12,365,506.53,547050.16,547.05,448.58,1866748.22
"2011-12-21 14:00:00",291,332,27,1000,61.83,3.3,502,14,12,355,502.53,542728.15,542.73,445.04,1835017.54
"2012-02-18 20:00:00",0,0,25,1010,79.41,2.5,0,20,2,49,-0.02,-26.06,-0.03,-0.02,2110289.5
"2014-12-23 07:00:00",87,28,25,1010,78.52,3.1,94,7,12,357,94.08,101606.37,101.61,83.32,7351637.71
"2011-11-25 22:00:00",0,0,26,1010,90.83,3.4,0,22,11,329,0.04,43.18,0.04,0.04,1731144.45
"2012-08-12 16:00:00",147,476,33,1000,45.2,2.7,371,16,8,225,376.18,406272.74,406.27,333.14,3089665.2
"2014-11-28 09:00:00",277,71,28,1010,69.98,3.3,323,9,11,332,317.32,342703.73,342.7,281.02,7258819.18
"2011-03-17 20:00:00",0,0,26,1010,76.89,2.5,0,20,3,76,0.03,33.24,0.03,0.03,397350.33
"2011-05-03 23:00:00",0,0,29,1000,88.94,3.4,0,23,5,123,-0.01,-15.92,-0.02,-0.01,680689.67
"2013-03-16 05:00:00",0,0,26,1010,95.57,1.1,0,5,3,75,-0.03,-27.06,-0.03,-0.02,4113422.39
"2013-06-20 09:00:00",227,539,35,1000,37.93,3.8,644,9,6,171,640.21,691425.97,691.43,566.97,4668379.48
"2011-09-18 09:00:00",175,702,30,1000,71.41,2.8,716,9,9,261,718.49,775964.9,775.96,636.29,1416669.63
"2014-03-13 10:00:00",333,487,34,1010,31.24,2.2,749,10,3,72,760.51,821346.53,821.35,673.5,5911631.96
"2012-03-10 03:00:00",0,0,26,1000,78.09,1.7,0,3,3,70,-0.02,-18.03,-0.02,-0.01,2220949.26
"2012-04-20 18:00:00",0,0,30,1000,61.59,3.5,0,18,4,111,-0.02,-18.96,-0.02,-0.02,2478441.24
"2013-02-08 15:00:00",165,656,32,1000,30.08,2.2,551,15,2,39,550.43,594461.23,594.46,487.46,3921637.23
"2013-10-15 14:00:00",274,39,31,1000,70.73,0.4,302,14,10,288,299.55,323518.44,323.52,265.29,5237574.76
"2012-11-11 21:00:00",0,0,25,1010,82.32,2.4,0,21,11,316,0.02,20.01,0.02,0.02,3523956.58
"2011-08-21 10:00:00",380,42,30,1000,74.94,0.4,419,10,8,233,425.76,459819.79,459.82,377.05,1273069.58
"2011-07-12 14:00:00",341,314,35,990,43.83,2.7,604,14,7,193,605.05,653458.4,653.46,535.84,1074014.94
"2013-05-01 10:00:00",243,649,36,1000,44.6,2.1,839,10,5,121,835.39,902221.55,902.22,739.82,4395628.4
"2011-11-20 05:00:00",0,0,25,1010,75.56,2.9,0,5,11,324,-0.01,-15.85,-0.02,-0.01,1708064.28
"2013-02-08 14:00:00",187,739,34,1000,26.36,1.6,736,14,2,39,736.03,794907.69,794.91,651.82,3921149.77
"2012-06-29 21:00:00",0,0,30,1000,63.81,3.6,0,21,6,181,0.11,121.48,0.12,0.1,2870483.9
"2011-10-04 14:00:00",231,570,32,1000,60.46,0.7,658,14,10,277,657.54,710146.74,710.15,582.32,1506429.81
"2011-01-13 06:00:00",0,0,23,1010,83.83,2.5,0,6,1,13,0.89,960.77,0.96,0.79,49288.56
"2013-01-16 06:00:00",0,0,24,1010,87.51,1.5,0,6,1,16,0.95,1021.09,1.02,0.84,3799774.96
"2013-04-04 07:00:00",154,292,30,1000,56.67,2.5,255,7,4,94,254.39,274744.82,274.74,225.29,4231100.05
"2011-06-05 20:00:00",0,0,30,1000,76.17,4.2,0,20,6,156,0.06,61.18,0.06,0.05,876949.15
"2012-02-26 19:00:00",0,0,26,1000,65.28,2.5,0,19,2,57,0.1,105.08,0.11,0.09,2156464.22
"2011-10-15 15:00:00",255,192,29,1000,79.11,1.5,358,15,10,288,366.93,396280.8,396.28,324.95,1561286.93
"2012-06-28 23:00:00",0,0,27,1000,81.6,4.1,0,23,6,180,0.06,62.53,0.06,0.05,2864509.48
"2013-09-21 10:00:00",174,775,29,1000,76,3.3,871,10,9,264,870.16,939769.15,939.77,770.61,5114311.13
"2012-10-13 15:00:00",248,170,30,1000,73.55,1.1,340,15,10,287,341.92,369278.72,369.28,302.81,3405302.8
"2011-08-27 14:00:00",347,299,30,1000,70.89,3.1,595,14,8,239,588.06,635101.7,635.1,520.78,1304836.76
"2012-08-27 11:00:00",373,84,32,1000,54.37,2.8,456,11,8,240,457.7,494313.94,494.31,405.34,3170170.29
"2013-10-07 04:00:00",0,0,26,1000,88.84,3,0,4,10,280,0.01,6.29,0.01,0.01,5195932.23
"2014-01-11 07:00:00",90,196,24,1010,78.7,1.4,130,7,1,11,129.58,139949.1,139.95,114.76,5594648.2
"2013-08-18 11:00:00",440,186,29,1000,70.47,2.8,623,11,8,230,628.92,679234.97,679.23,556.97,4940771.87
"2011-05-09 17:00:00",86,74,33,1000,55.61,4.4,102,17,5,129,102.53,110727.18,110.73,90.8,717604.65
"2014-10-10 21:00:00",0,0,28,1000,81.94,2.2,0,21,10,283,0.04,43.01,0.04,0.04,7067311.52
"2013-12-10 02:00:00",0,0,22,1000,83.73,3.3,0,2,12,344,0.02,22.74,0.02,0.02,5459375.34
"2011-10-28 18:00:00",0,0,27,1000,87.37,3,0,18,10,301,0.07,70.3,0.07,0.06,1618554.95
"2013-07-28 18:00:00",1,0,31,1000,65.5,2.7,1,18,7,209,0.66,709.49,0.71,0.58,4850117.45
"2011-02-16 11:00:00",214,752,32,1010,53.31,0.5,874,11,2,47,881.91,952463.3,952.46,781.02,228241.65
NA,0,0,22,1010,77.92,2.9,0,0,1,15,-0.12,-127.81,-0.13,-0.1,7382516.35
"2012-02-10 01:00:00",0,0,26,1000,86.67,1.1,0,1,2,41,-0.12,-132.01,-0.13,-0.11,2062501.45
"2014-12-22 05:00:00",0,0,22,1010,84.1,3.3,0,5,12,356,-0.08,-88.7,-0.09,-0.07,7347658.65
NA,0,0,27,1000,80.16,2.1,0,0,8,219,0.06,63.34,0.06,0.05,7382496
"2011-04-26 18:00:00",0,0,28,1000,81.51,2.6,0,18,4,116,0.07,70.84,0.07,0.06,637630.24
"2013-11-25 20:00:00",0,0,26,1010,83.29,2.3,0,20,11,329,0.02,20.01,0.02,0.02,5409747.35
"2014-07-27 21:00:00",0,0,30,1000,73.9,3,0,21,7,208,0.06,63.38,0.06,0.05,6692833.39
"2013-10-15 02:00:00",0,0,28,1000,86.25,1.6,0,2,10,288,0.05,59.22,0.06,0.05,5233905.59
"2013-04-14 09:00:00",289,475,33,1010,58.85,1.8,658,9,4,104,650.65,702700.44,702.7,576.21,4294047.65
"2013-06-02 02:00:00",0,0,27,1000,83.71,3.2,0,2,6,153,0.08,87.89,0.09,0.07,4573604.73
"2013-02-17 06:00:00",0,0,26,1000,87.78,2.3,0,6,2,48,0.97,1052.58,1.05,0.86,3960828.72
"2014-11-04 05:00:00",0,0,24,1010,90.67,2.8,0,5,11,308,0.01,9.32,0.01,0.01,7157864.53
"2014-04-06 10:00:00",245,699,36,1010,36.84,2.7,874,10,4,96,875.24,945258.53,945.26,775.11,6062431.13
"2012-10-17 13:00:00",344,21,29,1000,71.03,3.4,362,13,10,291,357.4,385994.89,385.99,316.52,3423913.74
"2012-11-21 07:00:00",110,340,26,1010,89.64,2.3,209,7,11,326,217.31,234697.25,234.7,192.45,3567930.11
"2013-08-08 18:00:00",0,0,30,1000,78.23,0.6,0,18,8,220,0.39,426.02,0.43,0.35,4907528.82
"2013-04-27 22:00:00",0,0,28,1000,78.19,3.6,0,22,4,117,0.05,58.91,0.06,0.05,4374737.06
"2013-04-09 22:00:00",0,0,28,1000,79.78,3.8,0,22,4,99,0.05,58.07,0.06,0.05,4267725.33
"2011-03-27 22:00:00",0,0,27,1010,82.78,2,0,22,3,86,0.01,14.64,0.01,0.01,459316.02
"2011-12-26 19:00:00",0,0,23,1010,70.11,3,0,19,12,360,0.13,135.8,0.14,0.11,1854014.15
"2014-08-28 06:00:00",44,38,25,1000,86.65,3.3,49,6,8,240,50.06,54067.62,54.07,44.34,6843899.93
"2013-06-08 23:00:00",0,0,28,1000,72.32,4.9,0,23,6,159,0.02,16.74,0.02,0.01,4608517.44
"2011-03-18 19:00:00",0,0,26,1000,71.07,2.6,0,19,3,77,0.04,42.31,0.04,0.03,403682.8
"2011-09-24 22:00:00",0,0,28,1000,76.66,2.7,0,22,9,267,0.05,57.61,0.06,0.05,1453280.36
"2011-06-30 18:00:00",1,0,32,1000,54.25,4.1,1,18,6,181,0.72,772.65,0.77,0.63,1014198.14
"2012-04-26 13:00:00",196,752,31,1000,68.3,2.8,902,13,4,117,908.02,980658.52,980.66,804.14,2512797.27
"2011-09-23 16:00:00",127,450,31,1000,55.45,1.2,298,16,9,266,292.94,316370.49,316.37,259.42,1447356.79
"2012-12-06 23:00:00",0,0,25,1010,86.16,2.3,0,23,12,341,0,-0.7,0,0,3628422.11
"2013-03-06 06:00:00",3,0,26,1010,84.48,1.9,3,6,3,65,1.78,1927.29,1.93,1.58,4056744.39
"2014-01-10 04:00:00",0,0,24,1010,78.95,1.9,0,4,1,10,-0.23,-244.12,-0.24,-0.2,5589775.27
"2012-12-22 03:00:00",0,0,22,1010,89.27,3.3,0,3,12,357,-0.08,-88.7,-0.09,-0.07,3696358.6
"2013-07-09 09:00:00",274,12,31,1000,53.72,3.7,284,9,7,190,276.78,298923.35,298.92,245.12,4763273.69
"2013-12-17 18:00:00",0,0,23,1010,77.38,2.9,0,18,12,351,0.01,6.32,0.01,0.01,5491931.41
"2014-09-09 07:00:00",114,453,27,1000,75,2.9,280,7,9,252,288.34,311410.23,311.41,255.36,6899612.6
NA,0,0,28,1000,79.92,4.1,0,0,7,204,0.08,87.94,0.09,0.07,7382501.8
"2012-05-05 23:00:00",0,0,28,1000,86.25,3.5,0,23,5,126,0.05,53.83,0.05,0.04,2568618.4
"2013-06-26 06:00:00",51,0,28,1000,69.32,3.6,51,6,6,177,48.99,52905.05,52.91,43.38,4698315.83
"2011-11-11 20:00:00",0,0,27,1010,79.13,2.3,0,20,11,315,0.04,47.34,0.05,0.04,1671981.05
"2014-06-20 20:00:00",0,0,31,1000,69.61,4.7,0,20,6,171,0.01,7.01,0.01,0.01,6501230.96
"2012-07-17 19:00:00",0,0,29,1000,76.17,2.6,0,19,7,199,0.04,43.35,0.04,0.04,2961659.25
"2014-12-08 14:00:00",312,136,28,1010,70.06,2.2,398,14,12,342,399.6,431562.7,431.56,353.88,7297472.94
"2011-01-16 20:00:00",0,0,24,1010,82.08,2.2,0,20,1,16,-0.16,-175.42,-0.18,-0.14,67950.21
"2013-08-30 19:00:00",0,0,28,1000,85.67,2.4,0,19,8,242,0.06,61.75,0.06,0.05,5011663.95
NA,0,0,23,1010,81.9,2.7,0,0,1,24,-0.15,-158.74,-0.16,-0.13,7382498.05
"2013-09-08 04:00:00",0,0,26,1000,91,2.1,0,4,9,251,0.01,15.33,0.02,0.01,5056229.49
"2012-03-31 15:00:00",206,594,34,1000,28.21,3.7,593,15,3,91,590.04,637243.11,637.24,522.54,2352667.25
"2011-12-09 08:00:00",157,494,27,1010,86.72,3.1,383,8,12,343,382.51,413112.52,413.11,338.75,1782327.54
"2014-06-08 20:00:00",0,0,31,990,74.17,4.2,0,20,6,159,-0.19,-208.6,-0.21,-0.17,6437772.25
"2014-02-28 17:00:00",81,113,27,1010,61.94,3.6,102,17,2,59,103.4,111669.84,111.67,91.57,5842001.97
"2013-06-13 15:00:00",280,27,36,990,32.81,4.2,298,15,6,164,296.89,320643.29,320.64,262.93,4631443.56
"2013-12-24 16:00:00",70,0,25,1010,70.11,3.1,70,16,12,358,70.75,76411.87,76.41,62.66,5523321.76
"2013-05-05 04:00:00",0,0,28,1000,91.93,3.5,0,4,5,125,0.07,71.04,0.07,0.06,4418134.71
"2012-04-07 10:00:00",287,612,36,1000,38.31,2.5,839,10,4,98,835.45,902289.77,902.29,739.88,2393500.37
"2012-09-03 18:00:00",0,0,29,1000,82.22,3.5,0,18,9,247,-0.07,-75.94,-0.08,-0.06,3206337.35
"2012-08-03 10:00:00",365,24,36,1000,38.69,4.1,387,10,8,216,382.59,413197.13,413.2,338.82,3044062.7
"2012-12-20 02:00:00",0,0,23,1010,81.35,3.1,0,2,12,355,-0.09,-91.87,-0.09,-0.08,3688340.64
"2012-01-16 19:00:00",0,0,23,1010,70.79,2.5,0,19,1,16,-0.17,-187.64,-0.19,-0.15,1939322.35
"2013-02-18 12:00:00",295,32,28,1000,73.83,2.5,325,12,2,49,333.5,360182.01,360.18,295.35,3966705.08
"2012-02-14 03:00:00",0,0,25,1010,92,0.7,0,3,2,45,-0.14,-154.58,-0.15,-0.13,2082292.93
"2011-05-30 22:00:00",0,0,29,1000,79.46,3.3,0,22,5,150,0.03,33.27,0.03,0.03,842959.51
"2013-12-13 14:00:00",190,613,28,1000,75.63,3.8,577,14,12,347,573.04,618881.73,618.88,507.48,5475181.75
"2014-01-04 07:00:00",91,54,25,1010,76.84,2.4,103,7,1,4,103.84,112151.48,112.15,91.96,5565213.38
"2012-09-22 02:00:00",0,0,27,1000,90.65,2.4,0,2,9,266,0.07,78.88,0.08,0.06,3298424.34
"2011-09-24 11:00:00",196,785,33,1000,56.03,1.4,953,11,9,267,952.29,1028468.5,1028.47,843.34,1450420.96
"2011-07-06 03:00:00",0,0,27,1000,80.17,3.5,0,3,7,187,0.08,87.89,0.09,0.07,1037698.14
"2012-09-20 06:00:00",46,52,27,1000,93.38,1.8,53,6,9,264,53.13,57381.38,57.38,47.05,3288435.95
"2012-04-03 08:00:00",160,625,33,1010,43.19,2.1,516,8,4,94,530.27,572687.6,572.69,469.6,2366370.2
"2011-07-12 08:00:00",262,121,29,1000,71.23,3.5,334,8,7,193,343.77,371269.94,371.27,304.44,1070568.05
"2012-01-25 14:00:00",239,615,29,1000,47.32,2.6,673,14,1,25,674.92,728918.79,728.92,597.71,1985640.85
"2014-01-03 07:00:00",90,206,25,1010,80.32,2.2,133,7,1,3,130.64,141096.21,141.1,115.7,5561072.8
"2012-02-11 11:00:00",423,254,33,1010,39.73,1.6,643,11,2,42,645.54,697185.29,697.19,571.69,2069151.4
"2013-02-18 19:00:00",0,0,26,1010,89.57,2.1,0,19,2,49,-0.05,-51.81,-0.05,-0.04,3968628.76
"2014-04-03 17:00:00",83,71,32,1000,36.53,2.9,98,17,4,93,97.18,104952.75,104.95,86.06,6047802.27
"2014-07-10 20:00:00",0,0,28,1000,68.61,5.3,0,20,7,191,-0.12,-130.43,-0.13,-0.11,6607885.39
"2013-11-01 03:00:00",0,0,26,1010,94.22,1.6,0,3,11,305,0,-2.11,0,0,5300375.66
"2012-10-05 22:00:00",0,0,28,1000,82.62,2,0,22,10,279,0.04,43.01,0.04,0.04,3365494.17
"2013-05-01 20:00:00",0,0,29,1000,80,3.5,0,20,5,121,-0.01,-15.92,-0.02,-0.01,4399694.51
"2013-08-15 03:00:00",0,0,26,1000,89.64,3.2,0,3,8,227,-0.02,-25.75,-0.03,-0.02,4927424.82
"2014-01-30 19:00:00",0,0,24,1010,79.33,3.4,0,19,1,30,-0.02,-22.35,-0.02,-0.02,5692877.24
"2014-08-02 22:00:00",0,0,29,1000,70.85,4,0,22,8,214,0.09,98.07,0.1,0.08,6716059.43
"2014-01-23 06:00:00",0,0,24,1010,81.2,2.4,0,6,1,23,1.01,1086.74,1.09,0.89,5652028.08
"2014-03-05 10:00:00",215,721,33,1010,40.73,1.8,816,10,3,64,813.18,878229.18,878.23,720.15,5866637.93
"2014-03-26 06:00:00",22,0,27,1010,76.84,1,22,6,3,85,20.59,22232.7,22.23,18.23,5991129.46
"2014-09-05 22:00:00",0,0,27,1000,90.71,3.4,0,22,9,248,0.08,90.05,0.09,0.07,6884541.97
"2013-10-16 22:00:00",0,0,27,1000,90.57,2.2,0,22,10,289,0.04,43.01,0.04,0.04,5243451.91
"2013-07-21 22:00:00",0,0,27,1000,83.13,3.4,0,22,7,202,0.06,62.58,0.06,0.05,4820154.08
"2011-09-21 18:00:00",0,0,30,1000,74.39,2.1,0,18,9,264,-0.63,-678.73,-0.68,-0.56,1435305.06
"2012-03-15 09:00:00",285,468,34,1010,45,0.9,621,9,3,75,615.15,664358.66,664.36,544.77,2249553.69
NA,0,0,27,1000,88.92,2.9,0,0,8,228,0.07,71.17,0.07,0.06,7382516.46
NA,0,0,27,1000,93.2,2.5,0,0,4,99,0.05,57.87,0.06,0.05,7382495.11
"2014-01-22 03:00:00",0,0,24,1010,81.75,2.2,0,3,1,22,-0.19,-199.98,-0.2,-0.16,5647151.84
"2013-08-19 22:00:00",0,0,28,1000,84.4,2.3,0,22,8,231,0.04,41.7,0.04,0.03,4948881.13
"2012-01-10 23:00:00",0,0,24,1010,83.82,2.6,0,23,1,10,-0.16,-170.43,-0.17,-0.14,1912048.83
"2011-02-02 10:00:00",216,702,29,1010,59.52,3.6,747,10,2,33,752.84,813069.07,813.07,666.72,150497.08
"2013-11-21 08:00:00",158,552,27,1000,80.58,3,433,8,11,325,435.26,470075.57,470.08,385.46,5388515.65
"2014-10-03 20:00:00",0,0,28,1010,77.54,2.1,0,20,10,276,0.04,39.83,0.04,0.03,7031892.7
"2012-12-27 09:00:00",260,376,28,1010,66.61,3.7,484,9,12,362,486.42,525337.87,525.34,430.78,3716539.47
"2013-08-19 06:00:00",44,17,25,1000,86.7,3,47,6,8,231,48.14,51992.77,51.99,42.63,4943284.6
"2014-06-04 21:00:00",0,0,30,1000,84.14,1.3,0,21,6,155,-0.05,-54.71,-0.05,-0.04,6416639.12
"2012-06-11 10:00:00",234,650,39,1000,23,3.5,821,10,6,163,814.26,879398.64,879.4,721.11,2772038.79
"2013-01-13 06:00:00",0,0,24,1010,80.57,2,0,6,1,13,0.98,1054.6,1.05,0.86,3785915.16
"2013-11-26 16:00:00",112,167,28,1000,73.66,2.4,155,16,11,330,149.72,161699.18,161.7,132.59,5414555.61
"2011-07-06 11:00:00",368,355,31,1000,58.35,2.9,713,11,7,187,716.48,773796.73,773.8,634.51,1039531.39
"2013-12-22 16:00:00",58,0,26,1010,69.8,2.9,58,16,12,356,61.17,66065.85,66.07,54.17,5514680.08
"2013-05-25 05:00:00",0,0,28,1000,71.09,4,0,5,5,145,0.12,129.67,0.13,0.11,4532466.18
"2011-11-19 21:00:00",0,0,25,1010,76.59,2.9,0,21,11,323,0,3.77,0,0,1708064.3
"2014-07-19 20:00:00",0,0,30,1000,68.85,4.6,0,20,7,200,0.11,114.22,0.11,0.09,6650913.2
"2012-02-07 07:00:00",87,216,25,1010,72.89,1.1,133,7,2,38,129.84,140229.42,140.23,114.99,2046863.62
"2014-03-27 17:00:00",85,110,30,1000,42.02,2.8,107,17,3,86,106.52,115037.71,115.04,94.33,6003811.29
"2013-06-28 17:00:00",92,264,33,1000,53.25,2.8,160,17,6,179,169.16,182689.23,182.69,149.81,4715161.48
"2014-05-15 01:00:00",0,0,28,1000,84.84,1.9,0,1,5,135,0.1,105.73,0.11,0.09,6290823
"2013-12-22 07:00:00",101,163,26,1010,73.97,1.8,138,7,12,356,138.54,149622.19,149.62,122.69,5510372.24
"2011-02-17 09:00:00",228,534,31,1010,57.14,0.7,574,9,2,48,580.4,626830.11,626.83,514,232313.5
"2013-07-26 01:00:00",0,0,26,1000,74.97,4.6,0,1,7,207,0,3.26,0,0,4832471.73
"2014-10-09 22:00:00",0,0,29,1000,86.27,0.6,0,22,10,282,0.31,334.06,0.33,0.27,7063336.25
"2013-10-07 14:00:00",187,671,30,1000,76.24,2.3,683,14,10,280,690.98,746253.76,746.25,611.93,5200464.66
"2013-10-12 13:00:00",202,725,30,1000,73.75,3.3,822,13,10,285,818.22,883675.39,883.68,724.61,5222389.61
"2011-06-20 12:00:00",220,728,38,1000,35.58,3.3,934,12,6,171,937.44,1012439.55,1012.44,830.2,953170.61
"2012-06-09 08:00:00",269,187,35,1000,37.43,5.1,383,8,6,161,381.29,411792.52,411.79,337.67,2762349.01
"2014-12-29 15:00:00",115,0,25,1000,89.7,4.3,115,15,12,363,110.23,119047.35,119.05,97.62,7374037.3
"2012-07-08 20:00:00",0,0,31,1000,64.23,2,0,20,7,190,0.27,290.87,0.29,0.24,2916805.14
"2014-08-24 01:00:00",0,0,28,1000,92.39,0.6,0,1,8,236,0.06,65.15,0.07,0.05,6828937.14
"2013-07-28 22:00:00",0,0,29,1000,74.02,3.8,0,22,7,209,0.05,49.02,0.05,0.04,4850117.73
"2012-09-04 14:00:00",371,163,33,1000,54.08,3.5,504,14,9,248,503.77,544076.04,544.08,446.14,3210038.14
"2011-04-05 04:00:00",0,0,26,1000,91.75,3.5,0,4,4,95,0.01,13.94,0.01,0.01,510015.28
"2014-04-19 19:00:00",0,0,29,1000,62.68,3.3,0,19,4,109,-0.01,-7.68,-0.01,-0.01,6147384.78
"2012-01-11 02:00:00",0,0,24,1010,85.67,2.2,0,2,1,11,-0.22,-242.52,-0.24,-0.2,1912048.44
"2013-09-19 05:00:00",0,0,25,1000,86.51,3.2,0,5,9,262,0.03,29.1,0.03,0.02,5101936.45
"2012-02-07 01:00:00",0,0,24,1010,89.3,1.6,0,1,2,38,-0.11,-116.07,-0.12,-0.1,2046748.23
"2014-03-27 16:00:00",149,509,32,1000,34.09,2.6,372,16,3,86,367.27,396647.83,396.65,325.25,6003716.96
"2011-11-23 08:00:00",155,537,27,1010,71.19,3,420,8,11,327,407.83,440458.89,440.46,361.18,1722171.04
"2014-03-18 22:00:00",0,0,27,1010,81.21,1.3,0,22,3,77,0.02,18.99,0.02,0.02,5947040.59
"2012-07-24 03:00:00",0,0,27,1000,76.6,3.6,0,3,7,206,0.08,87.94,0.09,0.07,2990203.66
"2012-07-15 08:00:00",209,31,29,1000,75.49,2.4,228,8,7,197,241.59,260921.5,260.92,213.96,2947895.95
"2014-02-04 17:00:00",61,38,26,1000,62.44,2.5,67,17,2,35,68.59,74072.75,74.07,60.74,5718697.02
"2011-11-08 07:00:00",120,374,25,1010,74.3,1.7,241,7,11,312,237.97,257011.64,257.01,210.75,1651758.92
"2014-05-13 23:00:00",0,0,28,1000,92.39,2.9,0,23,5,133,0.02,17.6,0.02,0.01,6285142.9
"2011-08-24 19:00:00",0,0,29,1000,84.59,2.4,0,19,8,236,-0.04,-42.84,-0.04,-0.04,1290586.07
"2014-09-30 04:00:00",0,0,27,1000,93.93,0.8,0,4,9,273,0.06,70.18,0.07,0.06,7009179.62
"2013-07-14 21:00:00",0,0,29,1000,74.07,2.8,0,21,7,195,0.07,73.49,0.07,0.06,4790529.79
"2011-04-24 01:00:00",0,0,26,1000,89.06,2,0,1,4,114,-0.02,-17.89,-0.02,-0.01,622574.75
"2014-11-29 14:00:00",217,9,28,1000,67.16,3.2,223,14,11,333,220.86,238530.68,238.53,195.6,7262353.12
"2013-07-16 12:00:00",450,66,32,1000,54.53,3.4,516,12,7,197,514.92,556117.14,556.12,456.02,4798030.9
"2012-07-27 08:00:00",201,24,30,1000,59.35,3.8,216,8,7,209,225.98,244063.78,244.06,200.13,3006664.66
"2013-11-10 21:00:00",0,0,25,1010,85.73,2.8,0,21,11,314,0.04,37.91,0.04,0.03,5348871.17
"2012-03-19 18:00:00",0,0,30,1000,47.98,3.7,0,18,3,79,-0.11,-116.38,-0.12,-0.1,2278723.3
"2012-11-02 22:00:00",0,0,27,1000,92.3,4,0,22,11,307,0.07,79.22,0.08,0.06,3481020.84
"2013-09-26 15:00:00",270,124,30,1000,79.19,0.9,343,15,9,269,356.91,385466.59,385.47,316.08,5143970.9
"2012-08-26 13:00:00",398,42,32,1000,58.97,3.6,438,13,8,239,436.15,471037.61,471.04,386.25,3167449.3
"2011-02-25 03:00:00",0,0,26,1000,84.61,0.9,0,3,2,56,-0.1,-110.38,-0.11,-0.09,272241.29
"2012-02-22 06:00:00",0,0,25,1000,84.54,0.7,0,6,2,53,0.95,1027.31,1.03,0.84,2127724.05
"2014-05-01 22:00:00",0,0,29,1000,80.23,3.9,0,22,5,121,-0.01,-15.92,-0.02,-0.01,6221629.4
"2011-07-05 01:00:00",0,0,27,1000,87.61,3.1,0,1,7,186,0.08,87.89,0.09,0.07,1033821.66
"2014-04-21 02:00:00",0,0,27,1000,80.17,2.7,0,2,4,111,0.05,57.87,0.06,0.05,6153610.91
"2013-03-07 14:00:00",284,544,31,1010,53.18,3.8,719,14,3,66,716.88,774225,774.22,634.86,4064135.54
"2011-01-30 16:00:00",153,400,26,1010,69.24,3,301,16,1,30,301.61,325740,325.74,267.11,138909.77
"2013-11-08 09:00:00",191,680,29,1010,65.99,2.1,664,9,11,312,669.46,723013.07,723.01,592.87,5336222.43
"2012-01-07 20:00:00",0,0,24,1010,88.06,2.1,0,20,1,7,-0.2,-211.74,-0.21,-0.17,1898215.45
"2013-05-29 17:00:00",96,88,31,1000,61.98,3.4,116,17,5,149,117.51,126915,126.91,104.07,4559708.68
"2014-11-02 03:00:00",0,0,26,1000,91.46,2.9,0,3,11,306,-0.01,-7.14,-0.01,-0.01,7153680.91
"2014-03-25 09:00:00",203,698,36,1010,27.07,2.1,719,9,3,84,717.06,774420.31,774.42,635.02,5986010.93
"2012-05-18 10:00:00",293,584,35,1000,58.67,2.4,828,10,5,139,826.75,892884.73,892.88,732.17,2639419.35
"2012-08-09 06:00:00",41,5,27,1000,71.02,3.5,42,6,8,222,42.69,46106.57,46.11,37.81,3069986.12
"2011-10-06 16:00:00",162,217,30,1000,76.79,0.8,236,16,10,279,244.59,264160.24,264.16,216.61,1515988.84
NA,0,0,24,1000,81.36,2.3,0,0,2,37,-0.09,-96.41,-0.1,-0.08,7382513.43
"2011-01-14 18:00:00",0,0,24,1010,75.07,3,0,18,1,14,-0.08,-90.16,-0.09,-0.07,59259.89
"2014-01-22 02:00:00",0,0,24,1010,81.73,2.1,0,2,1,22,-0.19,-199.98,-0.2,-0.16,5647152
"2014-05-08 12:00:00",305,557,31,1000,69.84,3.5,858,12,5,128,850.01,918011.93,918.01,752.77,6254194.58
"2012-04-18 17:00:00",83,153,33,1000,43.79,3.9,114,17,4,109,112.98,122021.99,122.02,100.06,2467336.97
"2012-06-05 04:00:00",0,0,28,1000,72.09,4,0,4,6,157,0.06,65.45,0.07,0.05,2737410.36
"2011-01-25 05:00:00",0,0,24,1010,85.71,2.2,0,5,1,25,-0.2,-221.27,-0.22,-0.18,108685.71
"2013-07-06 16:00:00",153,461,32,1000,58.14,2,375,16,7,187,378,408235.75,408.24,334.75,4754661.2
"2012-10-05 08:00:00",166,588,30,1010,68.01,1.2,508,8,10,279,500.14,540148.84,540.15,442.92,3360746.75
"2012-05-03 06:00:00",58,13,28,1000,90.78,3.3,61,6,5,124,61.82,66761.92,66.76,54.74,2550809.33
NA,0,0,28,1000,81.06,4,0,0,6,161,0.08,87.89,0.09,0.07,7382513.85
"2014-05-31 02:00:00",0,0,28,1000,90.26,2.5,0,2,5,151,0.07,77.71,0.08,0.06,6386868.82
"2012-08-17 05:00:00",0,0,27,1000,87.12,3,0,5,8,230,0.08,84.6,0.08,0.07,3112711.92
"2011-10-12 21:00:00",0,0,27,1000,88.64,1.4,0,21,10,285,0.04,47.36,0.05,0.04,1547582.17
"2013-07-16 13:00:00",415,152,32,1000,53.94,3.4,559,13,7,197,562.29,607272.39,607.27,497.96,4798528.86
"2013-11-06 23:00:00",0,0,26,1010,81.38,2.3,0,23,11,310,0.02,22.38,0.02,0.02,5329948.34
"2013-07-17 09:00:00",255,10,30,1000,56.54,2.9,263,9,7,198,259.08,279807.41,279.81,229.44,4800673.52
"2012-06-26 21:00:00",0,0,31,1000,59.17,3.8,0,21,6,178,0.07,71.89,0.07,0.06,2853653.5
"2014-06-12 01:00:00",0,0,28,1000,82.09,3.5,0,1,6,163,0.08,87.89,0.09,0.07,6451604.67
"2013-01-14 18:00:00",0,0,24,1010,69.72,3.1,0,18,1,14,-0.11,-119.78,-0.12,-0.1,3794896.25
"2011-07-04 03:00:00",0,0,27,1000,83.13,3,0,3,7,185,0.06,65.08,0.07,0.05,1030094.5
"2013-12-26 22:00:00",0,0,24,1010,80.54,2,0,22,12,360,-0.07,-71,-0.07,-0.06,5531293.41
"2012-11-02 23:00:00",0,0,27,1000,92.96,4,0,23,11,307,0.07,79.22,0.08,0.06,3481020.9
"2011-12-29 10:00:00",143,0,27,1010,89.48,5.4,143,10,12,363,136.13,147024.26,147.02,120.56,1863250.86
"2011-05-14 06:00:00",66,41,28,1000,81.39,3.4,74,6,5,134,73.81,79714.81,79.71,65.37,742437.18
"2013-10-18 03:00:00",0,0,27,1000,86.65,1.8,0,3,10,291,0.06,64.24,0.06,0.05,5248270.31
"2014-01-01 12:00:00",223,22,28,1010,59.67,3,241,12,1,1,251.74,271878.07,271.88,222.94,5555404.41
"2011-07-07 01:00:00",0,0,28,1000,74.87,3.1,0,1,7,188,0.08,87.89,0.09,0.07,1042102.59
"2014-08-29 22:00:00",0,0,27,1000,86.32,3.8,0,22,8,241,0.05,53.59,0.05,0.04,6851183.49
"2014-01-07 09:00:00",178,634,28,1010,66.05,2.3,553,9,1,7,551.6,595723.23,595.72,488.49,5577244.23
"2012-07-14 09:00:00",310,22,32,1000,56.12,2.6,327,9,7,196,320.41,346039.38,346.04,283.75,2944599.91
"2014-10-20 09:00:00",200,7,29,1010,81.85,1.9,206,9,10,293,219.6,237172.46,237.17,194.48,7102494.93
"2013-11-08 08:00:00",164,580,28,1010,70.08,2.2,470,8,11,312,475.89,513960.95,513.96,421.45,5335629.56
"2014-09-26 08:00:00",152,619,29,1010,74.01,0.6,515,8,9,269,529.61,571983.73,571.98,469.03,6986885.69
"2011-12-16 06:00:00",0,0,24,1010,80.15,2.7,0,6,12,350,0.76,820.6,0.82,0.67,1810664.87
NA,0,0,25,1010,81.32,1.7,0,0,3,71,-0.02,-18.03,-0.02,-0.01,7382491.52
"2013-03-29 16:00:00",142,514,32,1000,51.81,3.1,368,16,3,88,364.31,393457.24,393.46,322.63,4200185.02
"2014-09-21 07:00:00",136,357,28,1000,84.2,1.4,268,7,9,264,270.55,292198.07,292.2,239.6,6959259.99
"2011-12-04 09:00:00",194,628,29,1010,61.32,0.9,591,9,12,338,595.2,642813.97,642.81,527.11,1760719.08
"2012-12-16 23:00:00",0,0,25,1010,77.4,4.3,0,23,12,351,0.03,28.66,0.03,0.02,3674902.66
"2011-06-08 22:00:00",0,0,29,1000,76.06,2.8,0,22,6,159,0.02,20.93,0.02,0.02,893697.99
"2011-03-27 16:00:00",136,515,31,1000,48.88,2.6,362,16,3,86,357.04,385603.01,385.6,316.19,459213.46
"2013-05-04 12:00:00",256,699,34,1000,54.96,3.1,951,12,5,124,950.83,1026892,1026.89,842.05,4415798.02
"2011-05-03 16:00:00",162,398,33,1000,62.87,1,338,16,5,123,336.67,363603.35,363.6,298.15,680591.1
NA,0,0,24,1010,85.83,2.5,0,0,12,342,0.01,12.56,0.01,0.01,7382500.18
"2014-06-02 22:00:00",0,0,29,1000,93.3,2,0,22,6,153,0.11,114.43,0.11,0.09,6404821.43
"2011-12-10 04:00:00",0,0,27,1000,87.67,1.6,0,4,12,344,0.03,32.98,0.03,0.03,1786261.13
"2013-07-29 06:00:00",44,9,26,1000,74.41,3.6,46,6,7,210,47.74,51556.32,51.56,42.28,4850160.32
"2014-08-24 11:00:00",380,299,30,1000,79.45,0.8,675,11,8,236,678.78,733081.11,733.08,601.13,6830628.49
"2013-10-03 13:00:00",291,581,30,1000,82.16,0,802,13,10,276,806.76,871303.05,871.3,714.47,5178367.29
"2013-05-21 04:00:00",0,0,28,1000,88.29,3.9,0,4,5,141,0.07,71.04,0.07,0.06,4508039.86
"2014-01-16 13:00:00",206,727,29,1010,58.29,2.4,778,13,1,16,776.25,838354.55,838.35,687.45,5622079.74
"2011-08-18 16:00:00",173,17,29,1000,82.19,1.4,181,16,8,230,174.43,188383.83,188.38,154.47,1263983.1
"2013-03-28 04:00:00",0,0,26,1000,88.47,2.2,0,4,3,87,-0.02,-17.89,-0.02,-0.01,4187777.57
"2012-03-11 20:00:00",0,0,27,1010,74.85,2.9,0,20,3,71,0.02,23.29,0.02,0.02,2232829.73
"2014-11-28 01:00:00",0,0,25,1010,81.64,2.6,0,1,11,332,0.03,34.36,0.03,0.03,7258071.2
"2012-06-20 19:00:00",0,0,32,1000,51.37,4.3,0,19,6,172,0.09,93.34,0.09,0.08,2821325.83
"2013-09-30 21:00:00",0,0,28,1000,81.04,2.9,0,21,9,273,0.04,39.81,0.04,0.03,5164165.4
"2011-08-30 23:00:00",0,0,27,1000,85.18,3.6,0,23,8,242,0.08,84.91,0.08,0.07,1318433.84
"2013-09-26 23:00:00",0,0,28,1000,86.26,2.4,0,23,9,269,0.05,56.05,0.06,0.05,5144186.09
"2014-07-21 06:00:00",45,3,27,1000,75.81,4,46,6,7,202,47.1,50872.27,50.87,41.72,6655512.23
"2012-09-09 02:00:00",0,0,26,1000,88.66,2.8,0,2,9,253,0.01,9.32,0.01,0.01,3229151.69
"2011-03-15 19:00:00",0,0,27,1000,82.67,3.2,0,19,3,74,0.05,58.07,0.06,0.05,385215.44
"2011-10-27 07:00:00",150,216,27,1010,88.04,1.7,224,7,10,300,217.97,235410.83,235.41,193.04,1611691.66
"2012-11-28 13:00:00",230,605,29,1000,57.43,2.8,685,13,11,333,701.9,758047.48,758.05,621.6,3595828.77
"2013-03-29 18:00:00",0,0,30,1000,61.29,3.2,0,18,3,88,0.04,48.19,0.05,0.04,4200278.5
"2013-11-19 09:00:00",186,651,28,1010,78.3,3.2,620,9,11,323,608.73,657432.33,657.43,539.09,5379377.39
"2012-05-03 11:00:00",307,615,34,1000,59.95,1.7,915,11,5,124,913.26,986324.44,986.32,808.79,2553671.71
"2013-11-23 13:00:00",198,693,29,1000,75.11,2.6,724,13,11,327,721.34,779048.22,779.05,638.82,5400301.62
"2012-11-12 22:00:00",0,0,24,1010,82.86,3.2,0,22,11,317,0.04,43.18,0.04,0.04,3528973.07
"2011-03-07 19:00:00",0,0,26,1010,69.64,2.4,0,19,3,66,0.04,45.95,0.05,0.04,336714.53
"2011-12-21 01:00:00",0,0,23,1010,81.7,3.2,0,1,12,355,-0.08,-88.7,-0.09,-0.07,1831508.37
"2011-02-06 07:00:00",94,196,25,1010,74.87,2,135,7,2,37,135.68,146532.61,146.53,120.16,170073.58
"2014-01-14 18:00:00",0,0,24,1010,78.48,3.1,0,18,1,14,-0.08,-90.16,-0.09,-0.07,5613620.3
"2013-01-02 22:00:00",0,0,24,1010,86.23,1.9,0,22,1,2,-0.2,-213.33,-0.21,-0.17,3739190.26
"2014-11-21 06:00:00",18,0,26,1010,81.47,2.3,18,6,11,325,16.15,17442.66,17.44,14.3,7229024.17
"2011-10-31 22:00:00",0,0,26,1000,87.33,2.1,0,22,10,304,0.01,12.51,0.01,0.01,1629841.18
"2012-06-27 08:00:00",261,37,31,1000,55.14,2.2,284,8,6,179,273.65,295539.13,295.54,242.34,2854063.35
"2014-06-28 04:00:00",0,0,28,1000,85.77,3.1,0,4,6,179,0.08,87.89,0.09,0.07,6540390.12
"2012-01-20 10:00:00",169,803,29,1010,50.35,1.2,758,10,1,20,756.68,817217.56,817.22,670.12,1956882.6
"2014-02-12 07:00:00",98,203,26,1000,66.86,2.1,143,7,2,43,146.93,158685.07,158.69,130.12,5757752.89
"2012-03-28 21:00:00",0,0,27,1010,78.35,2.2,0,21,3,88,0.01,14.64,0.01,0.01,2334611.46
"2012-12-12 10:00:00",205,701,30,1010,57.15,0.8,721,10,12,347,722.81,780634.47,780.63,640.12,3653615.74
"2014-04-29 13:00:00",246,702,33,1000,58.27,3.7,904,13,4,119,907.19,979766.13,979.77,803.41,6207927.14
"2013-07-22 08:00:00",257,148,27,1000,76.81,3.6,344,8,7,203,348.2,376053.08,376.05,308.36,4820614.79
"2014-06-03 13:00:00",237,666,33,1000,66.91,0.7,856,13,6,154,865.33,934552.92,934.55,766.33,6409307.23
"2014-03-30 04:00:00",0,0,25,1000,79.29,2.1,0,4,3,89,-0.02,-17.89,-0.02,-0.01,6016542.93
"2014-11-01 05:00:00",0,0,26,1000,89.38,3.9,0,5,11,305,0.03,29.1,0.03,0.02,7150036.26
"2011-11-22 07:00:00",129,64,26,1010,75.5,2.7,148,7,11,326,156.61,169143.35,169.14,138.7,1717647.19
"2014-12-17 19:00:00",0,0,26,1010,80.08,4.3,0,19,12,351,0.03,28.66,0.03,0.02,7332132.74
"2012-09-12 15:00:00",168,603,33,1000,54.51,0.3,545,15,9,256,539.33,582480.31,582.48,477.63,3249058.83
"2014-03-02 15:00:00",184,619,30,1000,47.13,2.2,573,15,3,61,567.82,613240.99,613.24,502.86,5852964.93
"2012-03-27 05:00:00",0,0,27,1010,90.94,0.8,0,5,3,87,0.04,47.8,0.05,0.04,2322310.73
"2014-07-20 21:00:00",0,0,29,1000,75.33,4,0,21,7,201,0.05,49.35,0.05,0.04,6655470.16
"2014-05-28 04:00:00",0,0,28,1000,95.14,2.5,0,4,5,148,0.08,82.96,0.08,0.07,6368409.26
"2013-06-22 09:00:00",246,497,33,1000,52.1,4.1,630,9,6,173,618.27,667732.87,667.73,547.54,4679662.95
"2013-09-09 23:00:00",0,0,27,1000,93.82,1.6,0,23,9,252,0.04,47.23,0.05,0.04,5063939.44
"2011-01-17 01:00:00",0,0,25,1000,85.82,1.3,0,1,1,17,-0.21,-228.76,-0.23,-0.19,67949.59
"2012-11-15 21:00:00",0,0,24,1010,77.71,3.5,0,21,11,320,0.04,40.01,0.04,0.03,3543113.81
"2013-09-11 12:00:00",295,6,30,1000,75.99,0.1,301,12,9,254,301.3,325399.6,325.4,266.83,5067962.02
"2013-02-13 23:00:00",0,0,25,1010,82.88,2.3,0,23,2,44,-0.07,-73.67,-0.07,-0.06,3947590.47
"2012-04-02 14:00:00",191,745,35,1000,35.85,3.2,803,14,4,93,803.6,867883.49,867.88,711.66,2364661.2
"2013-04-13 09:00:00",221,652,35,1010,41.43,1.9,726,9,4,103,726.91,785066.46,785.07,643.75,4288051.41
"2014-05-30 22:00:00",0,0,29,1000,84.47,2.7,0,22,5,150,0.03,27.26,0.03,0.02,6386868.66
"2014-08-27 22:00:00",0,0,27,1000,89.49,2.6,0,22,8,239,0.03,35.15,0.04,0.03,6843855.43
"2012-11-10 01:00:00",0,0,25,1010,85.76,2,0,1,11,315,0,-1.04,0,0,3514581.53
NA,0,0,24,1000,80.75,2.5,0,0,11,331,0.01,10.2,0.01,0.01,7382500.07
"2012-07-15 13:00:00",391,263,32,1000,56.66,2,639,13,7,197,645.57,697220.49,697.22,571.72,2949938.58
"2011-02-27 14:00:00",247,655,30,1000,50.51,3.7,761,14,2,58,749.98,809979.96,809.98,664.18,287794.73
"2012-11-25 01:00:00",0,0,25,1010,91.98,1.6,0,1,11,330,-0.01,-7.65,-0.01,-0.01,3580715.3
"2012-04-18 12:00:00",205,792,39,1000,29.27,3.2,993,12,4,109,995.47,1075112.12,1075.11,881.59,2464867.07
NA,0,0,27,1000,87.1,3.2,0,0,9,266,0.08,90.43,0.09,0.07,7382498.27
"2011-07-06 07:00:00",128,2,28,1000,77.54,2.7,129,7,7,187,130.63,141078.1,141.08,115.68,1037849
"2014-03-15 09:00:00",200,689,34,1010,27.47,1.7,693,9,3,74,693.67,749167.73,749.17,614.32,5923229.85
"2012-03-22 18:00:00",0,0,30,1000,56.35,3.5,0,18,3,82,0.08,86.31,0.09,0.07,2297165.75
"2013-06-03 19:00:00",0,0,29,1000,76.8,1.4,0,19,6,154,0.11,118.78,0.12,0.1,4583926.9
"2013-12-11 08:00:00",156,490,26,1010,73.42,3.7,377,8,12,345,373.81,403711.7,403.71,331.04,5464483
"2013-07-24 22:00:00",0,0,27,1000,77.6,4.4,0,22,7,205,0.04,39.23,0.04,0.03,4829104.26
"2014-07-09 14:00:00",332,28,30,1000,65.9,3.6,356,14,7,190,352.21,380386.79,380.39,311.92,6604168.59
"2011-06-13 05:00:00",0,0,27,1000,74.35,3.9,0,5,6,164,0.08,87.89,0.09,0.07,913872.55
"2014-09-19 18:00:00",0,0,30,1000,72.39,0.8,0,18,9,262,-0.54,-578.47,-0.58,-0.47,6953385.76
"2014-11-25 08:00:00",182,450,27,1010,70,3.8,402,8,11,329,399.78,431761.21,431.76,354.04,7246726.9
"2013-11-26 06:00:00",14,0,26,1000,85.6,1.6,14,6,11,330,10.75,11615.35,11.62,9.52,5409756.93
"2014-01-20 19:00:00",0,0,25,1010,76.06,2.8,0,19,1,20,-0.1,-106.41,-0.11,-0.09,5642343.6
"2012-02-09 12:00:00",433,156,33,1000,34.34,1,571,12,2,40,572.66,618470.66,618.47,507.15,2060391.03
"2014-01-21 21:00:00",0,0,24,1010,80.3,2.6,0,21,1,21,-0.12,-134.12,-0.13,-0.11,5647152.6
"2013-10-28 22:00:00",0,0,28,1010,88.55,0.8,0,22,10,301,0.04,47.36,0.05,0.04,5287486.08
"2011-02-06 14:00:00",200,726,28,1000,58.6,3.1,735,14,2,37,732.18,790756.37,790.76,648.42,174590.64
"2012-11-08 19:00:00",0,0,26,1010,84.03,1.9,0,19,11,313,0.02,24.88,0.02,0.02,3509524.63
"2014-02-18 15:00:00",249,441,29,1010,56.7,3.3,518,15,2,49,511.29,552194.4,552.19,452.8,5789890.6
"2011-01-28 06:00:00",0,0,24,1010,83.82,2.1,0,6,1,28,0.9,966.99,0.97,0.79,123600.57
"2014-10-20 01:00:00",0,0,27,1000,87.85,1.6,0,1,10,293,0.05,59.22,0.06,0.05,7101873.81
"2014-12-25 11:00:00",219,718,28,1010,63.61,3.3,787,11,12,359,790.83,854101.43,854.1,700.36,7361178.64
"2011-02-18 06:00:00",0,0,25,1000,88.49,1.3,0,6,2,49,0.97,1051.89,1.05,0.86,236712.28
"2013-05-01 22:00:00",0,0,28,1000,86.11,3.3,0,22,5,121,0.05,58.91,0.06,0.05,4399694.61
"2014-12-23 04:00:00",0,0,23,1010,83.74,2.9,0,4,12,357,-0.12,-124.93,-0.12,-0.1,7351553.81
"2013-08-25 08:00:00",155,589,29,1000,78.1,2.5,501,8,8,237,504.21,544551.21,544.55,446.53,4978553.16
"2013-12-25 05:00:00",0,0,24,1010,75.58,3,0,5,12,359,-0.11,-114.68,-0.11,-0.09,5523324.95
"2013-10-29 13:00:00",199,711,29,1000,79.93,1.9,775,13,10,302,771.79,833534.03,833.53,683.5,5291228.34
NA,0,0,29,1000,67.41,3.7,0,0,6,175,0.2,211.01,0.21,0.17,7382496.54
"2014-07-23 09:00:00",268,474,34,1000,45.54,5.7,631,9,7,204,619.67,669248.72,669.25,548.78,6667414.65
"2013-08-31 07:00:00",117,422,28,1000,90.93,2.3,272,7,8,243,273.75,295649.18,295.65,242.43,5011955.57
"2012-12-18 16:00:00",120,72,26,1010,66.68,4,140,16,12,353,142.67,154084.82,154.08,126.35,3683671.45
"2011-04-19 12:00:00",222,757,33,1000,57.39,2.8,975,12,4,109,975.57,1053614.22,1053.61,863.96,601121.83
"2014-12-25 16:00:00",122,37,26,1010,68.96,3.6,133,16,12,359,133.75,144453.89,144.45,118.45,7363455.54
"2014-12-31 06:00:00",0,0,24,1000,92.51,3.1,0,6,12,365,0.81,869.85,0.87,0.71,7377908.96
"2014-01-10 01:00:00",0,0,24,1010,78.14,2.3,0,1,1,10,-0.21,-229.48,-0.23,-0.19,5589775.86
"2012-04-23 02:00:00",0,0,27,1000,92.04,2.4,0,2,4,114,0.05,56.49,0.06,0.05,2490663.03
"2014-09-30 15:00:00",151,615,29,1000,76.56,1.9,507,15,9,273,519.79,561370.41,561.37,460.32,7014654.71
"2014-02-19 12:00:00",434,368,31,1010,48.21,2.6,770,12,2,50,758.59,819274.33,819.27,671.8,5792254.29
"2012-03-19 16:00:00",163,451,35,1000,28.4,3.3,360,16,3,79,361.77,390713.83,390.71,320.39,2278631.95
"2011-12-31 02:00:00",0,0,25,1010,83.54,3,0,2,12,365,-0.07,-70.85,-0.07,-0.06,1864862.88
"2012-02-25 02:00:00",0,0,25,1000,83.89,0.6,0,2,2,56,-0.12,-132.95,-0.13,-0.11,2144850.47
"2011-12-17 15:00:00",161,533,27,1010,62.94,3.7,412,15,12,351,413.88,446989.28,446.99,366.53,1819942.54
"2014-04-15 18:00:00",0,0,29,1000,62.22,3.1,0,18,4,105,0.02,22.68,0.02,0.02,6121981.4
"2012-01-04 06:00:00",0,0,25,1010,93.81,0.8,0,6,1,4,0.93,1009.26,1.01,0.83,1879242.08
"2014-03-03 06:00:00",0,0,26,1010,73.5,2,0,6,3,62,0.99,1070.74,1.07,0.88,5853368.83
"2013-12-10 11:00:00",217,707,29,1000,56.33,3.5,784,11,12,344,783.43,846106.7,846.11,693.81,5461695.71
"2014-02-06 21:00:00",0,0,24,1010,71.4,2.3,0,21,2,37,-0.08,-88.05,-0.09,-0.07,5729735.5
"2011-05-16 15:00:00",208,546,35,1000,47.74,3.6,564,15,5,136,563.48,608559.43,608.56,499.02,760455.73
"2011-02-15 12:00:00",299,662,31,1000,49.81,1,895,12,2,46,893.68,965175.78,965.18,791.44,223475.14
"2012-10-30 20:00:00",0,0,26,1000,90.13,3.4,0,20,10,304,0.05,48.72,0.05,0.04,3470490.71
"2014-08-16 22:00:00",0,0,28,1000,82.85,2.9,0,22,8,228,0.03,28.63,0.03,0.02,6790797.87
"2013-04-29 06:00:00",60,39,29,1000,81.26,2.4,66,6,4,119,64.35,69495.56,69.5,56.99,4380922.02
"2014-10-19 09:00:00",146,0,27,1010,86.92,2,146,9,10,292,134.49,145252.24,145.25,119.11,7100743.62
"2012-01-18 09:00:00",152,733,27,1010,54.09,0.8,588,9,1,18,582.4,628989.19,628.99,515.77,1945581.55
"2012-10-10 19:00:00",0,0,28,1000,75.83,2.7,0,19,10,284,0.05,57.61,0.06,0.05,3392055.2
NA,0,0,27,1000,79.54,3.1,0,0,5,136,0.07,71.04,0.07,0.06,7382493.63
"2011-06-22 06:00:00",63,60,28,1000,66.33,4.2,73,6,6,173,71.59,77318.05,77.32,63.4,961718.74
"2012-05-31 11:00:00",448,178,40,990,32.21,1.4,622,11,5,152,621.99,671753.14,671.75,550.84,2710946
"2012-09-22 23:00:00",0,0,28,1000,84.43,1.4,0,23,9,266,0.04,47.36,0.05,0.04,3304192.05
"2013-08-23 12:00:00",274,672,33,1000,58.69,2.2,944,12,8,235,940.02,1015216.22,1015.22,832.48,4969849.97
"2013-11-18 05:00:00",0,0,25,1010,93.83,2.2,0,5,11,322,0,-1.04,0,0,5374839.06
"2013-05-11 10:00:00",245,671,36,1000,50.65,0.8,861,10,5,131,860.45,929283.51,929.28,762.01,4455137.68
"2013-02-21 08:00:00",144,573,28,1010,60.59,2.6,410,8,2,52,409.24,441977.74,441.98,362.42,3980397.42
"2011-05-25 13:00:00",247,661,32,1000,72.08,1.6,863,13,5,145,869.77,939353.2,939.35,770.27,813890.53
"2011-07-30 21:00:00",0,0,27,1000,89.12,3.3,0,21,7,211,0.06,62.58,0.06,0.05,1163898.63
"2011-02-21 02:00:00",0,0,25,1000,90.65,2.7,0,2,2,52,-0.04,-47.62,-0.05,-0.04,252728.78
"2012-09-27 06:00:00",47,69,26,1010,93.83,1.1,56,6,9,271,55.33,59754.99,59.75,49,3325716.59
"2012-12-29 15:00:00",87,0,27,1000,81.9,4.3,87,15,12,364,84.67,91440.67,91.44,74.98,3722545.51
"2011-12-28 19:00:00",0,0,25,1010,71.23,3.9,0,19,12,362,0.19,202.74,0.2,0.17,1862822.64
"2011-05-10 16:00:00",176,369,35,1000,49.41,2.2,340,16,5,130,344.6,372172.95,372.17,305.18,723736.39
"2012-01-01 21:00:00",0,0,25,1010,92.22,2.6,0,21,1,1,-0.16,-170.43,-0.17,-0.14,1871711.51
"2011-11-28 21:00:00",0,0,26,1010,87.53,2.1,0,21,11,332,-0.01,-10.15,-0.01,-0.01,1738721.51
"2014-12-17 08:00:00",213,208,27,1010,81.52,3.5,305,8,12,351,315.8,341058.81,341.06,279.67,7328634.63
"2011-01-25 01:00:00",0,0,24,1010,83.29,2.4,0,1,1,25,-0.19,-208.23,-0.21,-0.17,108686.41
"2012-10-21 16:00:00",66,0,27,1000,83.15,2.8,66,16,10,295,69.02,74542.04,74.54,61.12,3434479.57
"2014-11-30 22:00:00",0,0,24,1010,82.63,3.9,0,22,11,334,0.02,26.06,0.03,0.02,7263527.45
"2012-12-15 15:00:00",194,367,27,1010,62.64,3.4,367,15,12,350,369.4,398947.12,398.95,327.14,3670526.15
"2012-10-03 06:00:00",46,52,26,1000,87.89,2.5,53,6,10,277,53.12,57369.27,57.37,47.04,3348522.35
"2014-05-23 12:00:00",237,706,36,1000,46.54,1.3,934,12,5,143,933.69,1008389.09,1008.39,826.88,6343031.1
"2014-02-18 09:00:00",311,307,29,1010,65.79,2.4,511,9,2,49,520.75,562409.67,562.41,461.18,5785793.4
"2012-12-08 14:00:00",189,647,29,1000,63.39,1.5,595,14,12,343,597.1,644871.6,644.87,528.79,3637248.95
"2013-10-07 18:00:00",0,0,28,1000,84.79,2.2,0,18,10,280,0.05,56.9,0.06,0.05,5201135
"2014-09-23 08:00:00",151,615,29,1000,85.95,1.9,513,8,9,266,525.79,567852.85,567.85,465.64,6969767.64
"2013-04-08 10:00:00",286,649,33,1000,58.4,3,872,10,4,98,872,941755.85,941.76,772.24,4257488.4
"2014-10-14 07:00:00",137,360,28,1000,91.11,1.4,266,7,10,287,268.81,290313.94,290.31,238.06,7079921.79
"2012-09-17 23:00:00",0,0,29,1000,81.21,0.4,0,23,9,261,0.27,293.67,0.29,0.24,3278629.72
"2014-09-30 20:00:00",0,0,28,1010,87.29,0.9,0,20,9,273,0.04,47.36,0.05,0.04,7014934.49
"2011-05-21 21:00:00",0,0,29,1000,78.5,3.9,0,21,5,141,-0.01,-13.42,-0.01,-0.01,790998.29
"2011-06-16 02:00:00",0,0,27,1000,68.32,4.7,0,2,6,167,0.11,123.17,0.12,0.1,926614.58
NA,0,0,24,1010,83.05,3.2,0,0,12,348,-0.07,-76.85,-0.08,-0.06,7382520.5
"2011-11-20 08:00:00",188,445,27,1010,63.01,3.1,411,8,11,324,407.2,439779.34,439.78,360.62,1708640.45
"2011-08-31 13:00:00",418,172,30,1000,72.59,2.6,580,13,8,243,579.08,625402.86,625.4,512.83,1322066.96
"2012-09-23 21:00:00",0,0,28,1000,83.8,2.2,0,21,9,267,0.04,43.01,0.04,0.04,3309984.56
"2011-08-17 11:00:00",203,746,31,1000,75.93,0.5,937,11,8,229,941.2,1016490.74,1016.49,833.52,1255691.23
"2014-02-19 15:00:00",291,255,29,1010,54.65,3.1,447,15,2,50,448.44,484317.18,484.32,397.14,5793801.01
"2013-06-22 11:00:00",291,626,34,1000,49.6,3.8,898,11,6,173,903.69,975990.15,975.99,800.31,4681050.73
"2011-04-23 20:00:00",0,0,27,1000,84.72,2.1,0,20,4,113,0.01,14.64,0.01,0.01,622574.73
"2011-10-27 21:00:00",0,0,27,1010,86.93,1.6,0,21,10,300,0.03,36.4,0.04,0.03,1613501.42
"2014-09-24 01:00:00",0,0,26,1000,90.79,2.7,0,1,9,267,0.02,18.91,0.02,0.02,6974690.81
"2011-02-06 16:00:00",167,406,26,1000,67.02,3.1,323,16,2,37,322.39,348177.06,348.18,285.51,175366.89
